﻿<?xml version="1.0" encoding="utf-8"?>
<abapGit version="v1.0.0" serializer="LCL_OBJECT_ENQU" serializer_version="v1.0.0">
 <asx:abap xmlns:asx="http://www.sap.com/abapxml" version="1.0">
  <asx:values>
   <DD25V>
    <VIEWNAME>EZSPFLI</VIEWNAME>
    <AGGTYPE>E</AGGTYPE>
    <ROOTTAB>SPFLI</ROOTTAB>
   </DD25V>
   <DD26E_TABLE>
    <DD26E>
     <VIEWNAME>EZSPFLI</VIEWNAME>
     <TABNAME>SPFLI</TABNAME>
     <TABPOS>0001</TABPOS>
     <FORTABNAME>SPFLI</FORTABNAME>
     <ENQMODE>E</ENQMODE>
    </DD26E>
   </DD26E_TABLE>
   <DD27P_TABLE>
    <DD27P>
     <VIEWNAME>EZSPFLI</VIEWNAME>
     <OBJPOS>0001</OBJPOS>
     <VIEWFIELD>MANDT</VIEWFIELD>
     <TABNAME>SPFLI</TABNAME>
     <FIELDNAME>MANDT</FIELDNAME>
     <KEYFLAG>X</KEYFLAG>
     <ENQMODE>E</ENQMODE>
     <CHECKTABLE>T000</CHECKTABLE>
     <SHLPORIGIN>P</SHLPORIGIN>
    </DD27P>
    <DD27P>
     <VIEWNAME>EZSPFLI</VIEWNAME>
     <OBJPOS>0002</OBJPOS>
     <VIEWFIELD>CARRID</VIEWFIELD>
     <TABNAME>SPFLI</TABNAME>
     <FIELDNAME>CARRID</FIELDNAME>
     <KEYFLAG>X</KEYFLAG>
     <ENQMODE>E</ENQMODE>
     <MEMORYID>CAR</MEMORYID>
     <CHECKTABLE>SCARR</CHECKTABLE>
     <SHLPORIGIN>P</SHLPORIGIN>
     <SHLPNAME>S_CARRIER_ID</SHLPNAME>
     <SHLPFIELD>CARRID</SHLPFIELD>
    </DD27P>
    <DD27P>
     <VIEWNAME>EZSPFLI</VIEWNAME>
     <OBJPOS>0003</OBJPOS>
     <VIEWFIELD>CONNID</VIEWFIELD>
     <TABNAME>SPFLI</TABNAME>
     <FIELDNAME>CONNID</FIELDNAME>
     <KEYFLAG>X</KEYFLAG>
     <ENQMODE>E</ENQMODE>
     <MEMORYID>CON</MEMORYID>
    </DD27P>
   </DD27P_TABLE>
  </asx:values>
 </asx:abap>
</abapGit>
