﻿<?xml version="1.0" encoding="utf-8"?>
<abapGit version="v1.0.0" serializer="LCL_OBJECT_CLAS" serializer_version="v1.0.0">
 <asx:abap xmlns:asx="http://www.sap.com/abapxml" version="1.0">
  <asx:values>
   <VSEOCLASS>
    <CLSNAME>ZCL_ZFLIGHT_MODEL2_DPC</CLSNAME>
    <LANGU>D</LANGU>
    <DESCRIPT>Datenanbieter-Basiskl.</DESCRIPT>
    <STATE>1</STATE>
    <CLSCCINCL>X</CLSCCINCL>
    <FIXPT>X</FIXPT>
    <UNICODE>X</UNICODE>
   </VSEOCLASS>
   <DESCRIPTIONS>
    <SEOCOMPOTX>
     <CLSNAME>ZCL_ZFLIGHT_MODEL2_DPC</CLSNAME>
     <CMPNAME>BOOKINGCONFIRMAT_CREATE_ENTITY</CMPNAME>
     <LANGU>D</LANGU>
     <DESCRIPT>Zug. EntitätsmengName:  BookingConfirmationSet</DESCRIPT>
    </SEOCOMPOTX>
    <SEOCOMPOTX>
     <CLSNAME>ZCL_ZFLIGHT_MODEL2_DPC</CLSNAME>
     <CMPNAME>BOOKINGCONFIRMAT_DELETE_ENTITY</CMPNAME>
     <LANGU>D</LANGU>
     <DESCRIPT>Zug. EntitätsmengName:  BookingConfirmationSet</DESCRIPT>
    </SEOCOMPOTX>
    <SEOCOMPOTX>
     <CLSNAME>ZCL_ZFLIGHT_MODEL2_DPC</CLSNAME>
     <CMPNAME>BOOKINGCONFIRMAT_GET_ENTITY</CMPNAME>
     <LANGU>D</LANGU>
     <DESCRIPT>Zug. EntitätsmengName:  BookingConfirmationSet</DESCRIPT>
    </SEOCOMPOTX>
    <SEOCOMPOTX>
     <CLSNAME>ZCL_ZFLIGHT_MODEL2_DPC</CLSNAME>
     <CMPNAME>BOOKINGCONFIRMAT_GET_ENTITYSET</CMPNAME>
     <LANGU>D</LANGU>
     <DESCRIPT>Zug. EntitätsmengName:  BookingConfirmationSet</DESCRIPT>
    </SEOCOMPOTX>
    <SEOCOMPOTX>
     <CLSNAME>ZCL_ZFLIGHT_MODEL2_DPC</CLSNAME>
     <CMPNAME>BOOKINGCONFIRMAT_UPDATE_ENTITY</CMPNAME>
     <LANGU>D</LANGU>
     <DESCRIPT>Zug. EntitätsmengName:  BookingConfirmationSet</DESCRIPT>
    </SEOCOMPOTX>
    <SEOCOMPOTX>
     <CLSNAME>ZCL_ZFLIGHT_MODEL2_DPC</CLSNAME>
     <CMPNAME>DEPARTURESSET_CREATE_ENTITY</CMPNAME>
     <LANGU>D</LANGU>
     <DESCRIPT>Zug. EntitätsmengName:  DeparturesSet</DESCRIPT>
    </SEOCOMPOTX>
    <SEOCOMPOTX>
     <CLSNAME>ZCL_ZFLIGHT_MODEL2_DPC</CLSNAME>
     <CMPNAME>DEPARTURESSET_DELETE_ENTITY</CMPNAME>
     <LANGU>D</LANGU>
     <DESCRIPT>Zug. EntitätsmengName:  DeparturesSet</DESCRIPT>
    </SEOCOMPOTX>
    <SEOCOMPOTX>
     <CLSNAME>ZCL_ZFLIGHT_MODEL2_DPC</CLSNAME>
     <CMPNAME>DEPARTURESSET_GET_ENTITY</CMPNAME>
     <LANGU>D</LANGU>
     <DESCRIPT>Zug. EntitätsmengName:  DeparturesSet</DESCRIPT>
    </SEOCOMPOTX>
    <SEOCOMPOTX>
     <CLSNAME>ZCL_ZFLIGHT_MODEL2_DPC</CLSNAME>
     <CMPNAME>DEPARTURESSET_GET_ENTITYSET</CMPNAME>
     <LANGU>D</LANGU>
     <DESCRIPT>Zug. EntitätsmengName:  DeparturesSet</DESCRIPT>
    </SEOCOMPOTX>
    <SEOCOMPOTX>
     <CLSNAME>ZCL_ZFLIGHT_MODEL2_DPC</CLSNAME>
     <CMPNAME>DEPARTURESSET_UPDATE_ENTITY</CMPNAME>
     <LANGU>D</LANGU>
     <DESCRIPT>Zug. EntitätsmengName:  DeparturesSet</DESCRIPT>
    </SEOCOMPOTX>
   </DESCRIPTIONS>
  </asx:values>
 </asx:abap>
</abapGit>
