﻿<?xml version="1.0" encoding="utf-8"?>
<abapGit version="v1.0.0" serializer="LCL_OBJECT_CLAS" serializer_version="v1.0.0">
 <asx:abap xmlns:asx="http://www.sap.com/abapxml" version="1.0">
  <asx:values>
   <VSEOCLASS>
    <CLSNAME>ZCL_ZFLIGHT_MODEL_DPC</CLSNAME>
    <LANGU>D</LANGU>
    <DESCRIPT>Datenanbieter-Basiskl.</DESCRIPT>
    <STATE>1</STATE>
    <CLSCCINCL>X</CLSCCINCL>
    <FIXPT>X</FIXPT>
    <UNICODE>X</UNICODE>
   </VSEOCLASS>
   <DESCRIPTIONS>
    <SEOCOMPOTX>
     <CLSNAME>ZCL_ZFLIGHT_MODEL_DPC</CLSNAME>
     <CMPNAME>AIRPORTVALUEHELP_CREATE_ENTITY</CMPNAME>
     <LANGU>D</LANGU>
     <DESCRIPT>Zug. EntitätsmengName:  AirportValueHelpSet</DESCRIPT>
    </SEOCOMPOTX>
    <SEOCOMPOTX>
     <CLSNAME>ZCL_ZFLIGHT_MODEL_DPC</CLSNAME>
     <CMPNAME>AIRPORTVALUEHELP_DELETE_ENTITY</CMPNAME>
     <LANGU>D</LANGU>
     <DESCRIPT>Zug. EntitätsmengName:  AirportValueHelpSet</DESCRIPT>
    </SEOCOMPOTX>
    <SEOCOMPOTX>
     <CLSNAME>ZCL_ZFLIGHT_MODEL_DPC</CLSNAME>
     <CMPNAME>AIRPORTVALUEHELP_GET_ENTITY</CMPNAME>
     <LANGU>D</LANGU>
     <DESCRIPT>Zug. EntitätsmengName:  AirportValueHelpSet</DESCRIPT>
    </SEOCOMPOTX>
    <SEOCOMPOTX>
     <CLSNAME>ZCL_ZFLIGHT_MODEL_DPC</CLSNAME>
     <CMPNAME>AIRPORTVALUEHELP_GET_ENTITYSET</CMPNAME>
     <LANGU>D</LANGU>
     <DESCRIPT>Zug. EntitätsmengName:  AirportValueHelpSet</DESCRIPT>
    </SEOCOMPOTX>
    <SEOCOMPOTX>
     <CLSNAME>ZCL_ZFLIGHT_MODEL_DPC</CLSNAME>
     <CMPNAME>AIRPORTVALUEHELP_UPDATE_ENTITY</CMPNAME>
     <LANGU>D</LANGU>
     <DESCRIPT>Zug. EntitätsmengName:  AirportValueHelpSet</DESCRIPT>
    </SEOCOMPOTX>
    <SEOCOMPOTX>
     <CLSNAME>ZCL_ZFLIGHT_MODEL_DPC</CLSNAME>
     <CMPNAME>FLIGHTPLANSET_CREATE_ENTITY</CMPNAME>
     <LANGU>D</LANGU>
     <DESCRIPT>Zug. EntitätsmengName:  FlightPlanSet</DESCRIPT>
    </SEOCOMPOTX>
    <SEOCOMPOTX>
     <CLSNAME>ZCL_ZFLIGHT_MODEL_DPC</CLSNAME>
     <CMPNAME>FLIGHTPLANSET_DELETE_ENTITY</CMPNAME>
     <LANGU>D</LANGU>
     <DESCRIPT>Zug. EntitätsmengName:  FlightPlanSet</DESCRIPT>
    </SEOCOMPOTX>
    <SEOCOMPOTX>
     <CLSNAME>ZCL_ZFLIGHT_MODEL_DPC</CLSNAME>
     <CMPNAME>FLIGHTPLANSET_GET_ENTITY</CMPNAME>
     <LANGU>D</LANGU>
     <DESCRIPT>Zug. EntitätsmengName:  FlightPlanSet</DESCRIPT>
    </SEOCOMPOTX>
    <SEOCOMPOTX>
     <CLSNAME>ZCL_ZFLIGHT_MODEL_DPC</CLSNAME>
     <CMPNAME>FLIGHTPLANSET_GET_ENTITYSET</CMPNAME>
     <LANGU>D</LANGU>
     <DESCRIPT>Zug. EntitätsmengName:  FlightPlanSet</DESCRIPT>
    </SEOCOMPOTX>
    <SEOCOMPOTX>
     <CLSNAME>ZCL_ZFLIGHT_MODEL_DPC</CLSNAME>
     <CMPNAME>FLIGHTPLANSET_UPDATE_ENTITY</CMPNAME>
     <LANGU>D</LANGU>
     <DESCRIPT>Zug. EntitätsmengName:  FlightPlanSet</DESCRIPT>
    </SEOCOMPOTX>
    <SEOCOMPOTX>
     <CLSNAME>ZCL_ZFLIGHT_MODEL_DPC</CLSNAME>
     <CMPNAME>FLIGHTPLANSYNCSE_CREATE_ENTITY</CMPNAME>
     <LANGU>D</LANGU>
     <DESCRIPT>Zug. EntitätsmengName:  FlightPlanSyncSet</DESCRIPT>
    </SEOCOMPOTX>
    <SEOCOMPOTX>
     <CLSNAME>ZCL_ZFLIGHT_MODEL_DPC</CLSNAME>
     <CMPNAME>FLIGHTPLANSYNCSE_DELETE_ENTITY</CMPNAME>
     <LANGU>D</LANGU>
     <DESCRIPT>Zug. EntitätsmengName:  FlightPlanSyncSet</DESCRIPT>
    </SEOCOMPOTX>
    <SEOCOMPOTX>
     <CLSNAME>ZCL_ZFLIGHT_MODEL_DPC</CLSNAME>
     <CMPNAME>FLIGHTPLANSYNCSE_GET_ENTITY</CMPNAME>
     <LANGU>D</LANGU>
     <DESCRIPT>Zug. EntitätsmengName:  FlightPlanSyncSet</DESCRIPT>
    </SEOCOMPOTX>
    <SEOCOMPOTX>
     <CLSNAME>ZCL_ZFLIGHT_MODEL_DPC</CLSNAME>
     <CMPNAME>FLIGHTPLANSYNCSE_GET_ENTITYSET</CMPNAME>
     <LANGU>D</LANGU>
     <DESCRIPT>Zug. EntitätsmengName:  FlightPlanSyncSet</DESCRIPT>
    </SEOCOMPOTX>
    <SEOCOMPOTX>
     <CLSNAME>ZCL_ZFLIGHT_MODEL_DPC</CLSNAME>
     <CMPNAME>FLIGHTPLANSYNCSE_UPDATE_ENTITY</CMPNAME>
     <LANGU>D</LANGU>
     <DESCRIPT>Zug. EntitätsmengName:  FlightPlanSyncSet</DESCRIPT>
    </SEOCOMPOTX>
   </DESCRIPTIONS>
  </asx:values>
 </asx:abap>
</abapGit>
