﻿<?xml version="1.0" encoding="utf-8"?>
<abapGit version="v1.0.0" serializer="LCL_OBJECT_IWPR" serializer_version="v1.0.0">
 <asx:abap xmlns:asx="http://www.sap.com/abapxml" version="1.0">
  <asx:values>
   <_-IWBEP_-I_SBD_AT>
    <_-IWBEP_-I_SBD_AT>
     <PROJECT>ZFLIGHT_MODEL3</PROJECT>
     <NODE_UUID>89HnShOwHuustsWVdjLKtQ==</NODE_UUID>
     <NODE_UUID_PA>89HnShOwHuustnr0oFyKfg==</NODE_UUID_PA>
     <PLUGIN_PA>/IWBEP/CORE</PLUGIN_PA>
     <NODE_TYPE_PA>PROJ</NODE_TYPE_PA>
     <NAME>GENERATED_METHODS_RDS</NAME>
     <TYPE>V2_RDS</TYPE>
     <MIME_TYPE>XML</MIME_TYPE>
     <VALUE>PD94bWwgdmVyc2lvbj0iMS4wIiBlbmNvZGluZz0idXRmLTgiPz48YXN4OmFiYXAgdmVyc2lvbj0i
MS4wIiB4bWxuczphc3g9Imh0dHA6Ly93d3cuc2FwLmNvbS9hYmFweG1sIj48YXN4OnZhbHVlcz48
R0VOLz48L2FzeDp2YWx1ZXM+PC9hc3g6YWJhcD4=</VALUE>
    </_-IWBEP_-I_SBD_AT>
   </_-IWBEP_-I_SBD_AT>
   <_-IWBEP_-I_SBD_DS>
    <_-IWBEP_-I_SBD_DS>
     <PROJECT>ZFLIGHT_MODEL3</PROJECT>
     <NODE_UUID>89HnShOwHuustphAgprKkg==</NODE_UUID>
     <PARENT_UUID>89HnShOwHuustnr0oFzKfg==</PARENT_UUID>
     <NAME>ZFLIGHT_SCHEDV</NAME>
     <DS_TYPE>5</DS_TYPE>
    </_-IWBEP_-I_SBD_DS>
   </_-IWBEP_-I_SBD_DS>
   <_-IWBEP_-I_SBD_DST>
    <_-IWBEP_-I_SBD_DST>
     <SYLANGU>D</SYLANGU>
     <PROJECT>ZFLIGHT_MODEL3</PROJECT>
     <NODE_UUID>89HnShOwHuustphAgprKkg==</NODE_UUID>
    </_-IWBEP_-I_SBD_DST>
   </_-IWBEP_-I_SBD_DST>
   <_-IWBEP_-I_SBD_GA>
    <_-IWBEP_-I_SBD_GA>
     <PROJECT>ZFLIGHT_MODEL3</PROJECT>
     <NODE_UUID>89HnShOwHuustsXEGfVKtQ==</NODE_UUID>
     <CREATION_USER_ID>DEVELOPER</CREATION_USER_ID>
     <CREATION_TIME>20210510173548.590691</CREATION_TIME>
     <LAST_CHG_USER_ID>DEVELOPER</LAST_CHG_USER_ID>
     <LAST_CHG_TIME>20210510174026.683126</LAST_CHG_TIME>
     <NAME>ZCL_ZFLIGHT_MODEL3_MPC</NAME>
     <PGMID>R3TR</PGMID>
     <TROBJ_TYPE>CLAS</TROBJ_TYPE>
     <TROBJ_NAME>ZCL_ZFLIGHT_MODEL3_MPC</TROBJ_NAME>
     <GEN_ART_TYPE>MPCB</GEN_ART_TYPE>
    </_-IWBEP_-I_SBD_GA>
    <_-IWBEP_-I_SBD_GA>
     <PROJECT>ZFLIGHT_MODEL3</PROJECT>
     <NODE_UUID>89HnShOwHuustsXEGfVqtQ==</NODE_UUID>
     <CREATION_USER_ID>DEVELOPER</CREATION_USER_ID>
     <CREATION_TIME>20210510173548.590698</CREATION_TIME>
     <LAST_CHG_USER_ID>DEVELOPER</LAST_CHG_USER_ID>
     <LAST_CHG_TIME>20210510174026.683134</LAST_CHG_TIME>
     <NAME>ZCL_ZFLIGHT_MODEL3_MPC_EXT</NAME>
     <PGMID>R3TR</PGMID>
     <TROBJ_TYPE>CLAS</TROBJ_TYPE>
     <TROBJ_NAME>ZCL_ZFLIGHT_MODEL3_MPC_EXT</TROBJ_NAME>
     <GEN_ART_TYPE>MPCS</GEN_ART_TYPE>
    </_-IWBEP_-I_SBD_GA>
    <_-IWBEP_-I_SBD_GA>
     <PROJECT>ZFLIGHT_MODEL3</PROJECT>
     <NODE_UUID>89HnShOwHuustsXEGfWKtQ==</NODE_UUID>
     <CREATION_USER_ID>DEVELOPER</CREATION_USER_ID>
     <CREATION_TIME>20210510173552.463222</CREATION_TIME>
     <NAME>ZCL_ZFLIGHT_MODEL3_DPC</NAME>
     <PGMID>R3TR</PGMID>
     <TROBJ_TYPE>CLAS</TROBJ_TYPE>
     <TROBJ_NAME>ZCL_ZFLIGHT_MODEL3_DPC</TROBJ_NAME>
     <GEN_ART_TYPE>DPCB</GEN_ART_TYPE>
    </_-IWBEP_-I_SBD_GA>
    <_-IWBEP_-I_SBD_GA>
     <PROJECT>ZFLIGHT_MODEL3</PROJECT>
     <NODE_UUID>89HnShOwHuustsXEGfWqtQ==</NODE_UUID>
     <CREATION_USER_ID>DEVELOPER</CREATION_USER_ID>
     <CREATION_TIME>20210510173555.960196</CREATION_TIME>
     <NAME>ZCL_ZFLIGHT_MODEL3_DPC_EXT</NAME>
     <PGMID>R3TR</PGMID>
     <TROBJ_TYPE>CLAS</TROBJ_TYPE>
     <TROBJ_NAME>ZCL_ZFLIGHT_MODEL3_DPC_EXT</TROBJ_NAME>
     <GEN_ART_TYPE>DPCS</GEN_ART_TYPE>
    </_-IWBEP_-I_SBD_GA>
    <_-IWBEP_-I_SBD_GA>
     <PROJECT>ZFLIGHT_MODEL3</PROJECT>
     <NODE_UUID>89HnShOwHuustsXEGfXKtQ==</NODE_UUID>
     <CREATION_USER_ID>DEVELOPER</CREATION_USER_ID>
     <CREATION_TIME>20210510173558.09281</CREATION_TIME>
     <NAME>ZFLIGHT_MODEL3_MDL</NAME>
     <PGMID>R3TR</PGMID>
     <TROBJ_TYPE>IWMO</TROBJ_TYPE>
     <TROBJ_NAME>ZFLIGHT_MODEL3_MDL</TROBJ_NAME>
     <GEN_ART_TYPE>MDL</GEN_ART_TYPE>
    </_-IWBEP_-I_SBD_GA>
    <_-IWBEP_-I_SBD_GA>
     <PROJECT>ZFLIGHT_MODEL3</PROJECT>
     <NODE_UUID>89HnShOwHuustsXEGfXqtQ==</NODE_UUID>
     <CREATION_USER_ID>DEVELOPER</CREATION_USER_ID>
     <CREATION_TIME>20210510173558.092823</CREATION_TIME>
     <NAME>ZFLIGHT_MODEL3_SRV</NAME>
     <PGMID>R3TR</PGMID>
     <TROBJ_TYPE>IWSV</TROBJ_TYPE>
     <TROBJ_NAME>ZFLIGHT_MODEL3_SRV</TROBJ_NAME>
     <GEN_ART_TYPE>SRV</GEN_ART_TYPE>
    </_-IWBEP_-I_SBD_GA>
   </_-IWBEP_-I_SBD_GA>
   <_-IWBEP_-I_SBD_GAT>
    <_-IWBEP_-I_SBD_GAT>
     <SYLANGU>D</SYLANGU>
     <PROJECT>ZFLIGHT_MODEL3</PROJECT>
     <NODE_UUID>89HnShOwHuustsXEGfVKtQ==</NODE_UUID>
    </_-IWBEP_-I_SBD_GAT>
    <_-IWBEP_-I_SBD_GAT>
     <SYLANGU>D</SYLANGU>
     <PROJECT>ZFLIGHT_MODEL3</PROJECT>
     <NODE_UUID>89HnShOwHuustsXEGfVqtQ==</NODE_UUID>
    </_-IWBEP_-I_SBD_GAT>
    <_-IWBEP_-I_SBD_GAT>
     <SYLANGU>D</SYLANGU>
     <PROJECT>ZFLIGHT_MODEL3</PROJECT>
     <NODE_UUID>89HnShOwHuustsXEGfWKtQ==</NODE_UUID>
    </_-IWBEP_-I_SBD_GAT>
    <_-IWBEP_-I_SBD_GAT>
     <SYLANGU>D</SYLANGU>
     <PROJECT>ZFLIGHT_MODEL3</PROJECT>
     <NODE_UUID>89HnShOwHuustsXEGfWqtQ==</NODE_UUID>
    </_-IWBEP_-I_SBD_GAT>
    <_-IWBEP_-I_SBD_GAT>
     <SYLANGU>D</SYLANGU>
     <PROJECT>ZFLIGHT_MODEL3</PROJECT>
     <NODE_UUID>89HnShOwHuustsXEGfXKtQ==</NODE_UUID>
    </_-IWBEP_-I_SBD_GAT>
    <_-IWBEP_-I_SBD_GAT>
     <SYLANGU>D</SYLANGU>
     <PROJECT>ZFLIGHT_MODEL3</PROJECT>
     <NODE_UUID>89HnShOwHuustsXEGfXqtQ==</NODE_UUID>
    </_-IWBEP_-I_SBD_GAT>
   </_-IWBEP_-I_SBD_GAT>
   <_-IWBEP_-I_SBD_MD>
    <_-IWBEP_-I_SBD_MD>
     <PROJECT>ZFLIGHT_MODEL3</PROJECT>
     <NODE_UUID>89HnShOwHuustnr0oFyqfg==</NODE_UUID>
     <NODE_UUID_PA>89HnShOwHuustnr0oFyKfg==</NODE_UUID_PA>
     <PLUGIN_PA>/IWBEP/CORE</PLUGIN_PA>
     <NODE_TYPE_PA>PROJ</NODE_TYPE_PA>
     <TECHNICAL_NAME>ZFLIGHT_MODEL3_MDL</TECHNICAL_NAME>
     <VERSION>0001</VERSION>
     <MPC>ZCL_ZFLIGHT_MODEL3_MPC_EXT</MPC>
     <STATE_NS>S</STATE_NS>
     <VALUE_NS>ZFLIGHT_MODEL3_SRV</VALUE_NS>
    </_-IWBEP_-I_SBD_MD>
   </_-IWBEP_-I_SBD_MD>
   <_-IWBEP_-I_SBD_MDT>
    <_-IWBEP_-I_SBD_MDT>
     <SYLANGU>D</SYLANGU>
     <PROJECT>ZFLIGHT_MODEL3</PROJECT>
     <NODE_UUID>89HnShOwHuustnr0oFyqfg==</NODE_UUID>
    </_-IWBEP_-I_SBD_MDT>
   </_-IWBEP_-I_SBD_MDT>
   <_-IWBEP_-I_SBD_NOI>
    <_-IWBEP_-I_SBD_NOI>
     <PROJECT>ZFLIGHT_MODEL3</PROJECT>
     <NODE_UUID>89HnShOwHuustnr0oFyKfg==</NODE_UUID>
    </_-IWBEP_-I_SBD_NOI>
    <_-IWBEP_-I_SBD_NOI>
     <PROJECT>ZFLIGHT_MODEL3</PROJECT>
     <NODE_UUID>89HnShOwHuustnr0oFyqfg==</NODE_UUID>
    </_-IWBEP_-I_SBD_NOI>
    <_-IWBEP_-I_SBD_NOI>
     <PROJECT>ZFLIGHT_MODEL3</PROJECT>
     <NODE_UUID>89HnShOwHuustnr0oFzKfg==</NODE_UUID>
    </_-IWBEP_-I_SBD_NOI>
    <_-IWBEP_-I_SBD_NOI>
     <PROJECT>ZFLIGHT_MODEL3</PROJECT>
     <NODE_UUID>89HnShOwHuustnr0oFzqfg==</NODE_UUID>
    </_-IWBEP_-I_SBD_NOI>
    <_-IWBEP_-I_SBD_NOI>
     <PROJECT>ZFLIGHT_MODEL3</PROJECT>
     <NODE_UUID>89HnShOwHuustphAgprKkg==</NODE_UUID>
    </_-IWBEP_-I_SBD_NOI>
    <_-IWBEP_-I_SBD_NOI>
     <PROJECT>ZFLIGHT_MODEL3</PROJECT>
     <NODE_UUID>89HnShOwHuustr7qPjWKrw==</NODE_UUID>
     <TYPE>DASO</TYPE>
     <NAME>F3D1E74A13B01EEBACB69840829ACA92ZFLIGHT_SCHEDV</NAME>
    </_-IWBEP_-I_SBD_NOI>
    <_-IWBEP_-I_SBD_NOI>
     <PROJECT>ZFLIGHT_MODEL3</PROJECT>
     <NODE_UUID>89HnShOwHuustr7qPjWqrw==</NODE_UUID>
     <TYPE>DASO</TYPE>
     <NAME>F3D1E74A13B01EEBACB69840829ACA92ZFLIGHT_SCHEDV\CARRID</NAME>
    </_-IWBEP_-I_SBD_NOI>
    <_-IWBEP_-I_SBD_NOI>
     <PROJECT>ZFLIGHT_MODEL3</PROJECT>
     <NODE_UUID>89HnShOwHuustr7qPjXKrw==</NODE_UUID>
     <TYPE>DASO</TYPE>
     <NAME>F3D1E74A13B01EEBACB69840829ACA92ZFLIGHT_SCHEDV\CONNID</NAME>
    </_-IWBEP_-I_SBD_NOI>
    <_-IWBEP_-I_SBD_NOI>
     <PROJECT>ZFLIGHT_MODEL3</PROJECT>
     <NODE_UUID>89HnShOwHuustr7qPjXqrw==</NODE_UUID>
     <TYPE>DASO</TYPE>
     <NAME>F3D1E74A13B01EEBACB69840829ACA92ZFLIGHT_SCHEDV\FLDATE</NAME>
    </_-IWBEP_-I_SBD_NOI>
    <_-IWBEP_-I_SBD_NOI>
     <PROJECT>ZFLIGHT_MODEL3</PROJECT>
     <NODE_UUID>89HnShOwHuustr7qPjYKrw==</NODE_UUID>
     <TYPE>DASO</TYPE>
     <NAME>F3D1E74A13B01EEBACB69840829ACA92ZFLIGHT_SCHEDV\CITYFROM</NAME>
    </_-IWBEP_-I_SBD_NOI>
    <_-IWBEP_-I_SBD_NOI>
     <PROJECT>ZFLIGHT_MODEL3</PROJECT>
     <NODE_UUID>89HnShOwHuustr7qPjYqrw==</NODE_UUID>
     <TYPE>DASO</TYPE>
     <NAME>F3D1E74A13B01EEBACB69840829ACA92ZFLIGHT_SCHEDV\AIRPFROM</NAME>
    </_-IWBEP_-I_SBD_NOI>
    <_-IWBEP_-I_SBD_NOI>
     <PROJECT>ZFLIGHT_MODEL3</PROJECT>
     <NODE_UUID>89HnShOwHuustr7qPjZKrw==</NODE_UUID>
     <TYPE>DASO</TYPE>
     <NAME>F3D1E74A13B01EEBACB69840829ACA92ZFLIGHT_SCHEDV\CITYTO</NAME>
    </_-IWBEP_-I_SBD_NOI>
    <_-IWBEP_-I_SBD_NOI>
     <PROJECT>ZFLIGHT_MODEL3</PROJECT>
     <NODE_UUID>89HnShOwHuustr7qPjZqrw==</NODE_UUID>
     <TYPE>DASO</TYPE>
     <NAME>F3D1E74A13B01EEBACB69840829ACA92ZFLIGHT_SCHEDV\AIRPTO</NAME>
    </_-IWBEP_-I_SBD_NOI>
    <_-IWBEP_-I_SBD_NOI>
     <PROJECT>ZFLIGHT_MODEL3</PROJECT>
     <NODE_UUID>89HnShOwHuustr7qPjaKrw==</NODE_UUID>
    </_-IWBEP_-I_SBD_NOI>
    <_-IWBEP_-I_SBD_NOI>
     <PROJECT>ZFLIGHT_MODEL3</PROJECT>
     <NODE_UUID>89HnShOwHuustr7qPjaqrw==</NODE_UUID>
    </_-IWBEP_-I_SBD_NOI>
    <_-IWBEP_-I_SBD_NOI>
     <PROJECT>ZFLIGHT_MODEL3</PROJECT>
     <NODE_UUID>89HnShOwHuustr7qPjbKrw==</NODE_UUID>
    </_-IWBEP_-I_SBD_NOI>
    <_-IWBEP_-I_SBD_NOI>
     <PROJECT>ZFLIGHT_MODEL3</PROJECT>
     <NODE_UUID>89HnShOwHuustr7qPjbqrw==</NODE_UUID>
    </_-IWBEP_-I_SBD_NOI>
    <_-IWBEP_-I_SBD_NOI>
     <PROJECT>ZFLIGHT_MODEL3</PROJECT>
     <NODE_UUID>89HnShOwHuustr7qPjcKrw==</NODE_UUID>
    </_-IWBEP_-I_SBD_NOI>
    <_-IWBEP_-I_SBD_NOI>
     <PROJECT>ZFLIGHT_MODEL3</PROJECT>
     <NODE_UUID>89HnShOwHuustr7qPjcqrw==</NODE_UUID>
    </_-IWBEP_-I_SBD_NOI>
    <_-IWBEP_-I_SBD_NOI>
     <PROJECT>ZFLIGHT_MODEL3</PROJECT>
     <NODE_UUID>89HnShOwHuustr7qPjdKrw==</NODE_UUID>
    </_-IWBEP_-I_SBD_NOI>
    <_-IWBEP_-I_SBD_NOI>
     <PROJECT>ZFLIGHT_MODEL3</PROJECT>
     <NODE_UUID>89HnShOwHuustsWVdjLKtQ==</NODE_UUID>
    </_-IWBEP_-I_SBD_NOI>
    <_-IWBEP_-I_SBD_NOI>
     <PROJECT>ZFLIGHT_MODEL3</PROJECT>
     <NODE_UUID>89HnShOwHuustsXEGfVKtQ==</NODE_UUID>
    </_-IWBEP_-I_SBD_NOI>
    <_-IWBEP_-I_SBD_NOI>
     <PROJECT>ZFLIGHT_MODEL3</PROJECT>
     <NODE_UUID>89HnShOwHuustsXEGfVqtQ==</NODE_UUID>
    </_-IWBEP_-I_SBD_NOI>
    <_-IWBEP_-I_SBD_NOI>
     <PROJECT>ZFLIGHT_MODEL3</PROJECT>
     <NODE_UUID>89HnShOwHuustsXEGfWKtQ==</NODE_UUID>
    </_-IWBEP_-I_SBD_NOI>
    <_-IWBEP_-I_SBD_NOI>
     <PROJECT>ZFLIGHT_MODEL3</PROJECT>
     <NODE_UUID>89HnShOwHuustsXEGfWqtQ==</NODE_UUID>
    </_-IWBEP_-I_SBD_NOI>
    <_-IWBEP_-I_SBD_NOI>
     <PROJECT>ZFLIGHT_MODEL3</PROJECT>
     <NODE_UUID>89HnShOwHuustsXEGfXKtQ==</NODE_UUID>
    </_-IWBEP_-I_SBD_NOI>
    <_-IWBEP_-I_SBD_NOI>
     <PROJECT>ZFLIGHT_MODEL3</PROJECT>
     <NODE_UUID>89HnShOwHuustsXEGfXqtQ==</NODE_UUID>
    </_-IWBEP_-I_SBD_NOI>
   </_-IWBEP_-I_SBD_NOI>
   <_-IWBEP_-I_SBD_OP>
    <_-IWBEP_-I_SBD_OP>
     <PROJECT>ZFLIGHT_MODEL3</PROJECT>
     <NODE_UUID>89HnShOwHuustr7qPjbKrw==</NODE_UUID>
     <PARENT_UUID>89HnShOwHuustr7qPjaqrw==</PARENT_UUID>
     <NAME>Create</NAME>
     <OPERATION_TYPE>C</OPERATION_TYPE>
     <IMP_METHOD>FLIGHTSCHEDULESE_CREATE_ENTITY</IMP_METHOD>
    </_-IWBEP_-I_SBD_OP>
    <_-IWBEP_-I_SBD_OP>
     <PROJECT>ZFLIGHT_MODEL3</PROJECT>
     <NODE_UUID>89HnShOwHuustr7qPjbqrw==</NODE_UUID>
     <PARENT_UUID>89HnShOwHuustr7qPjaqrw==</PARENT_UUID>
     <NAME>GetEntity (Read)</NAME>
     <OPERATION_TYPE>R</OPERATION_TYPE>
     <IMP_METHOD>FLIGHTSCHEDULESE_GET_ENTITY</IMP_METHOD>
    </_-IWBEP_-I_SBD_OP>
    <_-IWBEP_-I_SBD_OP>
     <PROJECT>ZFLIGHT_MODEL3</PROJECT>
     <NODE_UUID>89HnShOwHuustr7qPjcKrw==</NODE_UUID>
     <PARENT_UUID>89HnShOwHuustr7qPjaqrw==</PARENT_UUID>
     <NAME>Update</NAME>
     <OPERATION_TYPE>U</OPERATION_TYPE>
     <IMP_METHOD>FLIGHTSCHEDULESE_UPDATE_ENTITY</IMP_METHOD>
    </_-IWBEP_-I_SBD_OP>
    <_-IWBEP_-I_SBD_OP>
     <PROJECT>ZFLIGHT_MODEL3</PROJECT>
     <NODE_UUID>89HnShOwHuustr7qPjcqrw==</NODE_UUID>
     <PARENT_UUID>89HnShOwHuustr7qPjaqrw==</PARENT_UUID>
     <NAME>Delete</NAME>
     <OPERATION_TYPE>D</OPERATION_TYPE>
     <IMP_METHOD>FLIGHTSCHEDULESE_DELETE_ENTITY</IMP_METHOD>
    </_-IWBEP_-I_SBD_OP>
    <_-IWBEP_-I_SBD_OP>
     <PROJECT>ZFLIGHT_MODEL3</PROJECT>
     <NODE_UUID>89HnShOwHuustr7qPjdKrw==</NODE_UUID>
     <PARENT_UUID>89HnShOwHuustr7qPjaqrw==</PARENT_UUID>
     <NAME>GetEntitySet (Query)</NAME>
     <OPERATION_TYPE>Q</OPERATION_TYPE>
     <IMP_METHOD>FLIGHTSCHEDULESE_GET_ENTITYSET</IMP_METHOD>
    </_-IWBEP_-I_SBD_OP>
   </_-IWBEP_-I_SBD_OP>
   <_-IWBEP_-I_SBD_OPT>
    <_-IWBEP_-I_SBD_OPT>
     <SYLANGU>D</SYLANGU>
     <PROJECT>ZFLIGHT_MODEL3</PROJECT>
     <NODE_UUID>89HnShOwHuustr7qPjbKrw==</NODE_UUID>
    </_-IWBEP_-I_SBD_OPT>
    <_-IWBEP_-I_SBD_OPT>
     <SYLANGU>D</SYLANGU>
     <PROJECT>ZFLIGHT_MODEL3</PROJECT>
     <NODE_UUID>89HnShOwHuustr7qPjbqrw==</NODE_UUID>
    </_-IWBEP_-I_SBD_OPT>
    <_-IWBEP_-I_SBD_OPT>
     <SYLANGU>D</SYLANGU>
     <PROJECT>ZFLIGHT_MODEL3</PROJECT>
     <NODE_UUID>89HnShOwHuustr7qPjcKrw==</NODE_UUID>
    </_-IWBEP_-I_SBD_OPT>
    <_-IWBEP_-I_SBD_OPT>
     <SYLANGU>D</SYLANGU>
     <PROJECT>ZFLIGHT_MODEL3</PROJECT>
     <NODE_UUID>89HnShOwHuustr7qPjcqrw==</NODE_UUID>
    </_-IWBEP_-I_SBD_OPT>
    <_-IWBEP_-I_SBD_OPT>
     <SYLANGU>D</SYLANGU>
     <PROJECT>ZFLIGHT_MODEL3</PROJECT>
     <NODE_UUID>89HnShOwHuustr7qPjdKrw==</NODE_UUID>
    </_-IWBEP_-I_SBD_OPT>
   </_-IWBEP_-I_SBD_OPT>
   <_-IWBEP_-I_SBD_PR>
    <_-IWBEP_-I_SBD_PR>
     <PROJECT>ZFLIGHT_MODEL3</PROJECT>
     <NODE_UUID>89HnShOwHuustnr0oFyKfg==</NODE_UUID>
     <CREATION_USER_ID>DEVELOPER</CREATION_USER_ID>
     <CREATION_TIME>20210510171914.380249</CREATION_TIME>
     <LAST_CHG_USER_ID>DEVELOPER</LAST_CHG_USER_ID>
     <LAST_CHG_TIME>20210510175232.009123</LAST_CHG_TIME>
     <LAST_CHG_STATE>nes+7niHHtuv4jTkWMNoVg==</LAST_CHG_STATE>
     <PLUGIN>/IWBEP/GEN</PLUGIN>
     <STRAT_NAME>0001</STRAT_NAME>
     <STRAT_VERSION>0001</STRAT_VERSION>
     <PROJECT_TYPE>1</PROJECT_TYPE>
    </_-IWBEP_-I_SBD_PR>
   </_-IWBEP_-I_SBD_PR>
   <_-IWBEP_-I_SBD_PRT>
    <_-IWBEP_-I_SBD_PRT>
     <PROJECT>ZFLIGHT_MODEL3</PROJECT>
     <SYLANGU>D</SYLANGU>
     <DESCRIPTION>Flugdatenmodell mit CDS-Views</DESCRIPTION>
    </_-IWBEP_-I_SBD_PRT>
   </_-IWBEP_-I_SBD_PRT>
   <_-IWBEP_-I_SBD_SE>
    <_-IWBEP_-I_SBD_SE>
     <PROJECT>ZFLIGHT_MODEL3</PROJECT>
     <NODE_UUID>89HnShOwHuustr7qPjaqrw==</NODE_UUID>
     <PARENT_UUID>89HnShOwHuustnr0oFzKfg==</PARENT_UUID>
     <NAME>FlightScheduleSet</NAME>
     <ENTITY_SET_UUID>89HnShOwHuustr7qPjaKrw==</ENTITY_SET_UUID>
    </_-IWBEP_-I_SBD_SE>
   </_-IWBEP_-I_SBD_SE>
   <_-IWBEP_-I_SBD_SET>
    <_-IWBEP_-I_SBD_SET>
     <SYLANGU>D</SYLANGU>
     <PROJECT>ZFLIGHT_MODEL3</PROJECT>
     <NODE_UUID>89HnShOwHuustr7qPjaqrw==</NODE_UUID>
    </_-IWBEP_-I_SBD_SET>
   </_-IWBEP_-I_SBD_SET>
   <_-IWBEP_-I_SBD_SV>
    <_-IWBEP_-I_SBD_SV>
     <PROJECT>ZFLIGHT_MODEL3</PROJECT>
     <NODE_UUID>89HnShOwHuustnr0oFzKfg==</NODE_UUID>
     <TECHNICAL_NAME>ZFLIGHT_MODEL3_SRV</TECHNICAL_NAME>
     <VERSION>0001</VERSION>
     <DPC>ZCL_ZFLIGHT_MODEL3_DPC_EXT</DPC>
     <EXTERNAL_NAME>ZFLIGHT_MODEL3_SRV</EXTERNAL_NAME>
    </_-IWBEP_-I_SBD_SV>
   </_-IWBEP_-I_SBD_SV>
   <_-IWBEP_-I_SBD_SVT>
    <_-IWBEP_-I_SBD_SVT>
     <SYLANGU>D</SYLANGU>
     <PROJECT>ZFLIGHT_MODEL3</PROJECT>
     <NODE_UUID>89HnShOwHuustnr0oFzKfg==</NODE_UUID>
    </_-IWBEP_-I_SBD_SVT>
   </_-IWBEP_-I_SBD_SVT>
   <_-IWBEP_-I_SBO_ES>
    <_-IWBEP_-I_SBO_ES>
     <PROJECT>ZFLIGHT_MODEL3</PROJECT>
     <NODE_UUID>89HnShOwHuustr7qPjaKrw==</NODE_UUID>
     <MODEL>89HnShOwHuustnr0oFyqfg==</MODEL>
     <NAME>FlightScheduleSet</NAME>
     <ENTITY_TYPE>89HnShOwHuustr7qPjWKrw==</ENTITY_TYPE>
     <ADDRESSABLE>X</ADDRESSABLE>
     <REF_TYPE>T</REF_TYPE>
     <TECH_NAME>FLIGHTSCHEDULESET</TECH_NAME>
     <CREATABLE_XU>X</CREATABLE_XU>
     <UPDATABLE_XU>X</UPDATABLE_XU>
     <DELETABLE_XU>X</DELETABLE_XU>
     <PAGEABLE_XU>X</PAGEABLE_XU>
     <SEARCHABLE_XU>X</SEARCHABLE_XU>
     <SUBSCRIBABLE_XU>X</SUBSCRIBABLE_XU>
     <REQUIRES_FLT_XU>X</REQUIRES_FLT_XU>
     <SEMANTIC_XU>X</SEMANTIC_XU>
     <LABEL_REF_XU>X</LABEL_REF_XU>
     <DESCRIPTION_XU>X</DESCRIPTION_XU>
     <ESET_LABEL_XU>X</ESET_LABEL_XU>
     <IN_SERV_DOCU>X</IN_SERV_DOCU>
    </_-IWBEP_-I_SBO_ES>
   </_-IWBEP_-I_SBO_ES>
   <_-IWBEP_-I_SBO_EST>
    <_-IWBEP_-I_SBO_EST>
     <SYLANGU>D</SYLANGU>
     <PROJECT>ZFLIGHT_MODEL3</PROJECT>
     <NODE_UUID>89HnShOwHuustr7qPjaKrw==</NODE_UUID>
    </_-IWBEP_-I_SBO_EST>
   </_-IWBEP_-I_SBO_EST>
   <_-IWBEP_-I_SBO_ET>
    <_-IWBEP_-I_SBO_ET>
     <PROJECT>ZFLIGHT_MODEL3</PROJECT>
     <NODE_UUID>89HnShOwHuustr7qPjWKrw==</NODE_UUID>
     <NAME>FlightSchedule</NAME>
     <MODEL>89HnShOwHuustnr0oFyqfg==</MODEL>
     <REF_TYPE>T</REF_TYPE>
     <ABAP_STRUCT>ZFLIGHT_SCHEDV</ABAP_STRUCT>
     <TECH_NAME>FLIGHTSCHEDULE</TECH_NAME>
     <BASE_TYPE_XU>X</BASE_TYPE_XU>
     <FC_TARGET_PATHXU>X</FC_TARGET_PATHXU>
     <TXTR_XU>X</TXTR_XU>
     <DESCRIPTION_XU>X</DESCRIPTION_XU>
     <ET_LABEL_XU>X</ET_LABEL_XU>
    </_-IWBEP_-I_SBO_ET>
   </_-IWBEP_-I_SBO_ET>
   <_-IWBEP_-I_SBO_ETT>
    <_-IWBEP_-I_SBO_ETT>
     <SYLANGU>D</SYLANGU>
     <PROJECT>ZFLIGHT_MODEL3</PROJECT>
     <NODE_UUID>89HnShOwHuustr7qPjWKrw==</NODE_UUID>
    </_-IWBEP_-I_SBO_ETT>
   </_-IWBEP_-I_SBO_ETT>
   <_-IWBEP_-I_SBO_PR>
    <_-IWBEP_-I_SBO_PR>
     <PROJECT>ZFLIGHT_MODEL3</PROJECT>
     <NODE_UUID>89HnShOwHuustr7qPjWqrw==</NODE_UUID>
     <PARENT_UUID>89HnShOwHuustr7qPjWKrw==</PARENT_UUID>
     <NAME>CarrierId</NAME>
     <IS_KEY>X</IS_KEY>
     <MAX_LENGTH>3</MAX_LENGTH>
     <EDM_CORE_TYPE>Edm.String</EDM_CORE_TYPE>
     <REF_TYPE>T</REF_TYPE>
     <ABAP_FIELD>CARRID</ABAP_FIELD>
     <ABTY_XU>X</ABTY_XU>
     <SORT_ORDER>1</SORT_ORDER>
     <DESCRIPTION_XU>X</DESCRIPTION_XU>
    </_-IWBEP_-I_SBO_PR>
    <_-IWBEP_-I_SBO_PR>
     <PROJECT>ZFLIGHT_MODEL3</PROJECT>
     <NODE_UUID>89HnShOwHuustr7qPjXKrw==</NODE_UUID>
     <PARENT_UUID>89HnShOwHuustr7qPjWKrw==</PARENT_UUID>
     <NAME>ConnectionId</NAME>
     <IS_KEY>X</IS_KEY>
     <MAX_LENGTH>4</MAX_LENGTH>
     <EDM_CORE_TYPE>Edm.String</EDM_CORE_TYPE>
     <REF_TYPE>T</REF_TYPE>
     <ABAP_FIELD>CONNID</ABAP_FIELD>
     <ABTY_XU>X</ABTY_XU>
     <SORT_ORDER>2</SORT_ORDER>
     <DESCRIPTION_XU>X</DESCRIPTION_XU>
    </_-IWBEP_-I_SBO_PR>
    <_-IWBEP_-I_SBO_PR>
     <PROJECT>ZFLIGHT_MODEL3</PROJECT>
     <NODE_UUID>89HnShOwHuustr7qPjXqrw==</NODE_UUID>
     <PARENT_UUID>89HnShOwHuustr7qPjWKrw==</PARENT_UUID>
     <NAME>FlightDate</NAME>
     <IS_KEY>X</IS_KEY>
     <PROP_PRECISION>7</PROP_PRECISION>
     <EDM_CORE_TYPE>Edm.DateTime</EDM_CORE_TYPE>
     <REF_TYPE>T</REF_TYPE>
     <ABAP_FIELD>FLDATE</ABAP_FIELD>
     <ABTY_XU>X</ABTY_XU>
     <SORT_ORDER>3</SORT_ORDER>
     <DESCRIPTION_XU>X</DESCRIPTION_XU>
    </_-IWBEP_-I_SBO_PR>
    <_-IWBEP_-I_SBO_PR>
     <PROJECT>ZFLIGHT_MODEL3</PROJECT>
     <NODE_UUID>89HnShOwHuustr7qPjYKrw==</NODE_UUID>
     <PARENT_UUID>89HnShOwHuustr7qPjWKrw==</PARENT_UUID>
     <NAME>DepartureCity</NAME>
     <MAX_LENGTH>20</MAX_LENGTH>
     <EDM_CORE_TYPE>Edm.String</EDM_CORE_TYPE>
     <REF_TYPE>T</REF_TYPE>
     <ABAP_FIELD>CITYFROM</ABAP_FIELD>
     <ABTY_XU>X</ABTY_XU>
     <SORT_ORDER>4</SORT_ORDER>
     <DESCRIPTION_XU>X</DESCRIPTION_XU>
    </_-IWBEP_-I_SBO_PR>
    <_-IWBEP_-I_SBO_PR>
     <PROJECT>ZFLIGHT_MODEL3</PROJECT>
     <NODE_UUID>89HnShOwHuustr7qPjYqrw==</NODE_UUID>
     <PARENT_UUID>89HnShOwHuustr7qPjWKrw==</PARENT_UUID>
     <NAME>DepartureAirport</NAME>
     <MAX_LENGTH>3</MAX_LENGTH>
     <EDM_CORE_TYPE>Edm.String</EDM_CORE_TYPE>
     <REF_TYPE>T</REF_TYPE>
     <ABAP_FIELD>AIRPFROM</ABAP_FIELD>
     <ABTY_XU>X</ABTY_XU>
     <SORT_ORDER>5</SORT_ORDER>
     <DESCRIPTION_XU>X</DESCRIPTION_XU>
    </_-IWBEP_-I_SBO_PR>
    <_-IWBEP_-I_SBO_PR>
     <PROJECT>ZFLIGHT_MODEL3</PROJECT>
     <NODE_UUID>89HnShOwHuustr7qPjZKrw==</NODE_UUID>
     <PARENT_UUID>89HnShOwHuustr7qPjWKrw==</PARENT_UUID>
     <NAME>DestinationCity</NAME>
     <MAX_LENGTH>20</MAX_LENGTH>
     <EDM_CORE_TYPE>Edm.String</EDM_CORE_TYPE>
     <REF_TYPE>T</REF_TYPE>
     <ABAP_FIELD>CITYTO</ABAP_FIELD>
     <ABTY_XU>X</ABTY_XU>
     <SORT_ORDER>6</SORT_ORDER>
     <DESCRIPTION_XU>X</DESCRIPTION_XU>
    </_-IWBEP_-I_SBO_PR>
    <_-IWBEP_-I_SBO_PR>
     <PROJECT>ZFLIGHT_MODEL3</PROJECT>
     <NODE_UUID>89HnShOwHuustr7qPjZqrw==</NODE_UUID>
     <PARENT_UUID>89HnShOwHuustr7qPjWKrw==</PARENT_UUID>
     <NAME>DestinationAirport</NAME>
     <MAX_LENGTH>3</MAX_LENGTH>
     <EDM_CORE_TYPE>Edm.String</EDM_CORE_TYPE>
     <REF_TYPE>T</REF_TYPE>
     <ABAP_FIELD>AIRPTO</ABAP_FIELD>
     <ABTY_XU>X</ABTY_XU>
     <SORT_ORDER>7</SORT_ORDER>
     <DESCRIPTION_XU>X</DESCRIPTION_XU>
    </_-IWBEP_-I_SBO_PR>
   </_-IWBEP_-I_SBO_PR>
   <_-IWBEP_-I_SBO_PRT>
    <_-IWBEP_-I_SBO_PRT>
     <SYLANGU>D</SYLANGU>
     <PROJECT>ZFLIGHT_MODEL3</PROJECT>
     <NODE_UUID>89HnShOwHuustr7qPjWqrw==</NODE_UUID>
     <PROP_LABEL>Fluggesellschaft</PROP_LABEL>
    </_-IWBEP_-I_SBO_PRT>
    <_-IWBEP_-I_SBO_PRT>
     <SYLANGU>D</SYLANGU>
     <PROJECT>ZFLIGHT_MODEL3</PROJECT>
     <NODE_UUID>89HnShOwHuustr7qPjXKrw==</NODE_UUID>
     <PROP_LABEL>Flugnummer</PROP_LABEL>
    </_-IWBEP_-I_SBO_PRT>
    <_-IWBEP_-I_SBO_PRT>
     <SYLANGU>D</SYLANGU>
     <PROJECT>ZFLIGHT_MODEL3</PROJECT>
     <NODE_UUID>89HnShOwHuustr7qPjXqrw==</NODE_UUID>
     <PROP_LABEL>Flugdatum</PROP_LABEL>
    </_-IWBEP_-I_SBO_PRT>
    <_-IWBEP_-I_SBO_PRT>
     <SYLANGU>D</SYLANGU>
     <PROJECT>ZFLIGHT_MODEL3</PROJECT>
     <NODE_UUID>89HnShOwHuustr7qPjYKrw==</NODE_UUID>
     <PROP_LABEL>Abflugstadt</PROP_LABEL>
    </_-IWBEP_-I_SBO_PRT>
    <_-IWBEP_-I_SBO_PRT>
     <SYLANGU>D</SYLANGU>
     <PROJECT>ZFLIGHT_MODEL3</PROJECT>
     <NODE_UUID>89HnShOwHuustr7qPjYqrw==</NODE_UUID>
     <PROP_LABEL>Startflugh.</PROP_LABEL>
    </_-IWBEP_-I_SBO_PRT>
    <_-IWBEP_-I_SBO_PRT>
     <SYLANGU>D</SYLANGU>
     <PROJECT>ZFLIGHT_MODEL3</PROJECT>
     <NODE_UUID>89HnShOwHuustr7qPjZKrw==</NODE_UUID>
     <PROP_LABEL>Ankunftstadt</PROP_LABEL>
    </_-IWBEP_-I_SBO_PRT>
    <_-IWBEP_-I_SBO_PRT>
     <SYLANGU>D</SYLANGU>
     <PROJECT>ZFLIGHT_MODEL3</PROJECT>
     <NODE_UUID>89HnShOwHuustr7qPjZqrw==</NODE_UUID>
     <PROP_LABEL>Zielflugh.</PROP_LABEL>
    </_-IWBEP_-I_SBO_PRT>
   </_-IWBEP_-I_SBO_PRT>
  </asx:values>
 </asx:abap>
</abapGit>
