﻿<?xml version="1.0" encoding="utf-8"?>
<abapGit version="v1.0.0" serializer="LCL_OBJECT_MSAG" serializer_version="v1.0.0">
 <asx:abap xmlns:asx="http://www.sap.com/abapxml" version="1.0">
  <asx:values>
   <T100A>
    <ARBGB>ZFLIGHT_MODEL</ARBGB>
    <MASTERLANG>D</MASTERLANG>
    <STEXT>Flugmodell Demo</STEXT>
   </T100A>
   <I18N_LANGS>
    <LANGU>D</LANGU>
   </I18N_LANGS>
   <T100T>
    <T100T>
     <SPRSL>D</SPRSL>
     <ARBGB>ZFLIGHT_MODEL</ARBGB>
     <STEXT>Flugmodell Demo</STEXT>
    </T100T>
   </T100T>
   <T100_TEXTS>
    <item>
     <SPRSL>D</SPRSL>
     <MSGNR>000</MSGNR>
     <TEXT>Flug existiert bereits.</TEXT>
    </item>
    <item>
     <SPRSL>D</SPRSL>
     <MSGNR>001</MSGNR>
     <TEXT>Flug existiert noch nicht.</TEXT>
    </item>
    <item>
     <SPRSL>D</SPRSL>
     <MSGNR>002</MSGNR>
     <TEXT>Flug wurde in der Zwischenzeit geändert. Bitte aktualisieren.</TEXT>
    </item>
    <item>
     <SPRSL>D</SPRSL>
     <MSGNR>003</MSGNR>
     <TEXT>Objekt ist gerade in Bearbeitung</TEXT>
    </item>
    <item>
     <SPRSL>D</SPRSL>
     <MSGNR>004</MSGNR>
     <TEXT>Flughafen &amp;1 unbekannt.</TEXT>
    </item>
   </T100_TEXTS>
  </asx:values>
 </asx:abap>
</abapGit>
