﻿<?xml version="1.0" encoding="utf-8"?>
<abapGit version="v1.0.0" serializer="LCL_OBJECT_FUGR" serializer_version="v1.0.0">
 <asx:abap xmlns:asx="http://www.sap.com/abapxml" version="1.0">
  <asx:values>
   <INCLUDES>
    <SOBJ_NAME>LZFLIGHT_PLANTOP</SOBJ_NAME>
    <SOBJ_NAME>SAPLZFLIGHT_PLAN</SOBJ_NAME>
   </INCLUDES>
   <FUNCTIONS>
    <item>
     <FUNCNAME>ZGET_DEPARTURES_AIRPORT</FUNCNAME>
     <REMOTE_CALL>R</REMOTE_CALL>
     <SHORT_TEXT>Flugplan auf Flughafen bezogen</SHORT_TEXT>
     <IMPORT>
      <RSIMP>
       <PARAMETER>AIRPORT</PARAMETER>
       <TYP>ZAIRPORT</TYP>
      </RSIMP>
      <RSIMP>
       <PARAMETER>DATE</PARAMETER>
       <TYP>DATS</TYP>
      </RSIMP>
     </IMPORT>
     <EXPORT>
      <RSEXP>
       <PARAMETER>DEPARTURES</PARAMETER>
       <TYP>ZFLIGHT_PLAN_T</TYP>
      </RSEXP>
     </EXPORT>
     <DOCUMENTATION>
      <RSFDO>
       <PARAMETER>AIRPORT</PARAMETER>
       <KIND>P</KIND>
       <STEXT>Flughafen</STEXT>
       <INDEX> 001</INDEX>
      </RSFDO>
      <RSFDO>
       <PARAMETER>DATE</PARAMETER>
       <KIND>P</KIND>
       <STEXT>Datum Ankunft/Abflug</STEXT>
       <INDEX> 002</INDEX>
      </RSFDO>
      <RSFDO>
       <PARAMETER>DEPARTURES</PARAMETER>
       <KIND>P</KIND>
       <INDEX> 003</INDEX>
      </RSFDO>
     </DOCUMENTATION>
    </item>
   </FUNCTIONS>
  </asx:values>
 </asx:abap>
</abapGit>
