﻿<?xml version="1.0" encoding="utf-8"?>
<abapGit version="v1.0.0" serializer="LCL_OBJECT_IWPR" serializer_version="v1.0.0">
 <asx:abap xmlns:asx="http://www.sap.com/abapxml" version="1.0">
  <asx:values>
   <_-IWBEP_-I_SBD_AT>
    <_-IWBEP_-I_SBD_AT>
     <PROJECT>ZFLIGHT_MODEL</PROJECT>
     <NODE_UUID>A0OAcanqHuuHijjNxsOEhA==</NODE_UUID>
     <NODE_UUID_PA>A0OAcanqHuuHieCZIioERA==</NODE_UUID_PA>
     <PLUGIN_PA>/IWBEP/CORE</PLUGIN_PA>
     <NODE_TYPE_PA>PROJ</NODE_TYPE_PA>
     <NAME>GENERATED_METHODS_RDS</NAME>
     <TYPE>V2_RDS</TYPE>
     <MIME_TYPE>XML</MIME_TYPE>
     <VALUE>PD94bWwgdmVyc2lvbj0iMS4wIiBlbmNvZGluZz0idXRmLTgiPz48YXN4OmFiYXAgdmVyc2lvbj0i
MS4wIiB4bWxuczphc3g9Imh0dHA6Ly93d3cuc2FwLmNvbS9hYmFweG1sIj48YXN4OnZhbHVlcz48
R0VOLz48L2FzeDp2YWx1ZXM+PC9hc3g6YWJhcD4=</VALUE>
    </_-IWBEP_-I_SBD_AT>
   </_-IWBEP_-I_SBD_AT>
   <_-IWBEP_-I_SBD_DS>
    <_-IWBEP_-I_SBD_DS>
     <PROJECT>ZFLIGHT_MODEL</PROJECT>
     <NODE_UUID>A0OAcanqHuuHiebN/nmERw==</NODE_UUID>
     <PARENT_UUID>A0OAcanqHuuHieCZIipERA==</PARENT_UUID>
     <NAME>SPFLI</NAME>
     <DS_TYPE>5</DS_TYPE>
    </_-IWBEP_-I_SBD_DS>
    <_-IWBEP_-I_SBD_DS>
     <PROJECT>ZFLIGHT_MODEL</PROJECT>
     <NODE_UUID>nes+7niHHtuv439wHDCpQg==</NODE_UUID>
     <PARENT_UUID>A0OAcanqHuuHieCZIipERA==</PARENT_UUID>
     <NAME>SCITAIRP</NAME>
     <DS_TYPE>6</DS_TYPE>
     <MAX_HITS_DS_ATTR>MAX_HITS</MAX_HITS_DS_ATTR>
    </_-IWBEP_-I_SBD_DS>
    <_-IWBEP_-I_SBD_DS>
     <PROJECT>ZFLIGHT_MODEL</PROJECT>
     <NODE_UUID>89HnShOwHuusuBUMPqZLgQ==</NODE_UUID>
     <PARENT_UUID>A0OAcanqHuuHieCZIipERA==</PARENT_UUID>
     <NAME>ZSPFLIV</NAME>
     <DS_TYPE>5</DS_TYPE>
    </_-IWBEP_-I_SBD_DS>
   </_-IWBEP_-I_SBD_DS>
   <_-IWBEP_-I_SBD_DST>
    <_-IWBEP_-I_SBD_DST>
     <SYLANGU>D</SYLANGU>
     <PROJECT>ZFLIGHT_MODEL</PROJECT>
     <NODE_UUID>A0OAcanqHuuHiebN/nmERw==</NODE_UUID>
    </_-IWBEP_-I_SBD_DST>
    <_-IWBEP_-I_SBD_DST>
     <SYLANGU>D</SYLANGU>
     <PROJECT>ZFLIGHT_MODEL</PROJECT>
     <NODE_UUID>nes+7niHHtuv439wHDCpQg==</NODE_UUID>
    </_-IWBEP_-I_SBD_DST>
    <_-IWBEP_-I_SBD_DST>
     <SYLANGU>D</SYLANGU>
     <PROJECT>ZFLIGHT_MODEL</PROJECT>
     <NODE_UUID>89HnShOwHuusuBUMPqZLgQ==</NODE_UUID>
    </_-IWBEP_-I_SBD_DST>
   </_-IWBEP_-I_SBD_DST>
   <_-IWBEP_-I_SBD_GA>
    <_-IWBEP_-I_SBD_GA>
     <PROJECT>ZFLIGHT_MODEL</PROJECT>
     <NODE_UUID>A0OAcanqHuuHijjNxsOkhA==</NODE_UUID>
     <CREATION_USER_ID>DEVELOPER</CREATION_USER_ID>
     <CREATION_TIME>20201101145145.62328</CREATION_TIME>
     <LAST_CHG_USER_ID>DEVELOPER</LAST_CHG_USER_ID>
     <LAST_CHG_TIME>20210811203552.245224</LAST_CHG_TIME>
     <NAME>ZCL_ZFLIGHT_MODEL_MPC</NAME>
     <PGMID>R3TR</PGMID>
     <TROBJ_TYPE>CLAS</TROBJ_TYPE>
     <TROBJ_NAME>ZCL_ZFLIGHT_MODEL_MPC</TROBJ_NAME>
     <GEN_ART_TYPE>MPCB</GEN_ART_TYPE>
    </_-IWBEP_-I_SBD_GA>
    <_-IWBEP_-I_SBD_GA>
     <PROJECT>ZFLIGHT_MODEL</PROJECT>
     <NODE_UUID>A0OAcanqHuuHijjNxsPEhA==</NODE_UUID>
     <CREATION_USER_ID>DEVELOPER</CREATION_USER_ID>
     <CREATION_TIME>20201101145145.623286</CREATION_TIME>
     <LAST_CHG_USER_ID>DEVELOPER</LAST_CHG_USER_ID>
     <LAST_CHG_TIME>20210811203552.245233</LAST_CHG_TIME>
     <NAME>ZCL_ZFLIGHT_MODEL_MPC_EXT</NAME>
     <PGMID>R3TR</PGMID>
     <TROBJ_TYPE>CLAS</TROBJ_TYPE>
     <TROBJ_NAME>ZCL_ZFLIGHT_MODEL_MPC_EXT</TROBJ_NAME>
     <GEN_ART_TYPE>MPCS</GEN_ART_TYPE>
    </_-IWBEP_-I_SBD_GA>
    <_-IWBEP_-I_SBD_GA>
     <PROJECT>ZFLIGHT_MODEL</PROJECT>
     <NODE_UUID>A0OAcanqHuuHijjNxsPkhA==</NODE_UUID>
     <CREATION_USER_ID>DEVELOPER</CREATION_USER_ID>
     <CREATION_TIME>20201101145149.374735</CREATION_TIME>
     <NAME>ZCL_ZFLIGHT_MODEL_DPC</NAME>
     <PGMID>R3TR</PGMID>
     <TROBJ_TYPE>CLAS</TROBJ_TYPE>
     <TROBJ_NAME>ZCL_ZFLIGHT_MODEL_DPC</TROBJ_NAME>
     <GEN_ART_TYPE>DPCB</GEN_ART_TYPE>
    </_-IWBEP_-I_SBD_GA>
    <_-IWBEP_-I_SBD_GA>
     <PROJECT>ZFLIGHT_MODEL</PROJECT>
     <NODE_UUID>A0OAcanqHuuHijjNxsQEhA==</NODE_UUID>
     <CREATION_USER_ID>DEVELOPER</CREATION_USER_ID>
     <CREATION_TIME>20201101145150.92618</CREATION_TIME>
     <NAME>ZCL_ZFLIGHT_MODEL_DPC_EXT</NAME>
     <PGMID>R3TR</PGMID>
     <TROBJ_TYPE>CLAS</TROBJ_TYPE>
     <TROBJ_NAME>ZCL_ZFLIGHT_MODEL_DPC_EXT</TROBJ_NAME>
     <GEN_ART_TYPE>DPCS</GEN_ART_TYPE>
    </_-IWBEP_-I_SBD_GA>
    <_-IWBEP_-I_SBD_GA>
     <PROJECT>ZFLIGHT_MODEL</PROJECT>
     <NODE_UUID>A0OAcanqHuuHijjNxsQkhA==</NODE_UUID>
     <CREATION_USER_ID>DEVELOPER</CREATION_USER_ID>
     <CREATION_TIME>20201101145152.256477</CREATION_TIME>
     <NAME>ZFLIGHT_MODEL_MDL_02</NAME>
     <PGMID>R3TR</PGMID>
     <TROBJ_TYPE>IWMO</TROBJ_TYPE>
     <TROBJ_NAME>ZFLIGHT_MODEL_MDL_02</TROBJ_NAME>
     <GEN_ART_TYPE>MDL</GEN_ART_TYPE>
    </_-IWBEP_-I_SBD_GA>
    <_-IWBEP_-I_SBD_GA>
     <PROJECT>ZFLIGHT_MODEL</PROJECT>
     <NODE_UUID>A0OAcanqHuuHijjNxsREhA==</NODE_UUID>
     <CREATION_USER_ID>DEVELOPER</CREATION_USER_ID>
     <CREATION_TIME>20201101145152.256481</CREATION_TIME>
     <NAME>ZFLIGHT_MODEL_SRV_02</NAME>
     <PGMID>R3TR</PGMID>
     <TROBJ_TYPE>IWSV</TROBJ_TYPE>
     <TROBJ_NAME>ZFLIGHT_MODEL_SRV_02</TROBJ_NAME>
     <GEN_ART_TYPE>SRV</GEN_ART_TYPE>
    </_-IWBEP_-I_SBD_GA>
   </_-IWBEP_-I_SBD_GA>
   <_-IWBEP_-I_SBD_GAT>
    <_-IWBEP_-I_SBD_GAT>
     <SYLANGU>D</SYLANGU>
     <PROJECT>ZFLIGHT_MODEL</PROJECT>
     <NODE_UUID>A0OAcanqHuuHijjNxsOkhA==</NODE_UUID>
    </_-IWBEP_-I_SBD_GAT>
    <_-IWBEP_-I_SBD_GAT>
     <SYLANGU>D</SYLANGU>
     <PROJECT>ZFLIGHT_MODEL</PROJECT>
     <NODE_UUID>A0OAcanqHuuHijjNxsPEhA==</NODE_UUID>
    </_-IWBEP_-I_SBD_GAT>
    <_-IWBEP_-I_SBD_GAT>
     <SYLANGU>D</SYLANGU>
     <PROJECT>ZFLIGHT_MODEL</PROJECT>
     <NODE_UUID>A0OAcanqHuuHijjNxsPkhA==</NODE_UUID>
    </_-IWBEP_-I_SBD_GAT>
    <_-IWBEP_-I_SBD_GAT>
     <SYLANGU>D</SYLANGU>
     <PROJECT>ZFLIGHT_MODEL</PROJECT>
     <NODE_UUID>A0OAcanqHuuHijjNxsQEhA==</NODE_UUID>
    </_-IWBEP_-I_SBD_GAT>
    <_-IWBEP_-I_SBD_GAT>
     <SYLANGU>D</SYLANGU>
     <PROJECT>ZFLIGHT_MODEL</PROJECT>
     <NODE_UUID>A0OAcanqHuuHijjNxsQkhA==</NODE_UUID>
    </_-IWBEP_-I_SBD_GAT>
    <_-IWBEP_-I_SBD_GAT>
     <SYLANGU>D</SYLANGU>
     <PROJECT>ZFLIGHT_MODEL</PROJECT>
     <NODE_UUID>A0OAcanqHuuHijjNxsREhA==</NODE_UUID>
    </_-IWBEP_-I_SBD_GAT>
   </_-IWBEP_-I_SBD_GAT>
   <_-IWBEP_-I_SBD_MD>
    <_-IWBEP_-I_SBD_MD>
     <PROJECT>ZFLIGHT_MODEL</PROJECT>
     <NODE_UUID>A0OAcanqHuuHieCZIiokRA==</NODE_UUID>
     <NODE_UUID_PA>A0OAcanqHuuHieCZIioERA==</NODE_UUID_PA>
     <PLUGIN_PA>/IWBEP/CORE</PLUGIN_PA>
     <NODE_TYPE_PA>PROJ</NODE_TYPE_PA>
     <TECHNICAL_NAME>ZFLIGHT_MODEL_MDL_02</TECHNICAL_NAME>
     <VERSION>0001</VERSION>
     <MPC>ZCL_ZFLIGHT_MODEL_MPC_EXT</MPC>
     <STATE_NS>S</STATE_NS>
     <VALUE_NS>ZFLIGHT_MODEL_SRV_02</VALUE_NS>
    </_-IWBEP_-I_SBD_MD>
   </_-IWBEP_-I_SBD_MD>
   <_-IWBEP_-I_SBD_MDT>
    <_-IWBEP_-I_SBD_MDT>
     <SYLANGU>D</SYLANGU>
     <PROJECT>ZFLIGHT_MODEL</PROJECT>
     <NODE_UUID>A0OAcanqHuuHieCZIiokRA==</NODE_UUID>
    </_-IWBEP_-I_SBD_MDT>
   </_-IWBEP_-I_SBD_MDT>
   <_-IWBEP_-I_SBD_MH>
    <_-IWBEP_-I_SBD_MH>
     <PROJECT>ZFLIGHT_MODEL</PROJECT>
     <NODE_UUID>nes+7niHHtuv44GtidRpRA==</NODE_UUID>
     <PARENT_UUID>nes+7niHHtuv44GtidRJRA==</PARENT_UUID>
     <NAME>Mapping</NAME>
     <DS_UUID>nes+7niHHtuv439wHDCpQg==</DS_UUID>
    </_-IWBEP_-I_SBD_MH>
    <_-IWBEP_-I_SBD_MH>
     <PROJECT>ZFLIGHT_MODEL</PROJECT>
     <NODE_UUID>nes+7niHHtuv44GtidXJRA==</NODE_UUID>
     <PARENT_UUID>nes+7niHHtuv44GtidPpRA==</PARENT_UUID>
     <NAME>Mapping</NAME>
     <DS_UUID>nes+7niHHtuv439wHDCpQg==</DS_UUID>
    </_-IWBEP_-I_SBD_MH>
   </_-IWBEP_-I_SBD_MH>
   <_-IWBEP_-I_SBD_MP>
    <_-IWBEP_-I_SBD_MP>
     <PROJECT>ZFLIGHT_MODEL</PROJECT>
     <NODE_UUID>nes+7niHHtuv44GtidSJRA==</NODE_UUID>
     <PARENT_UUID>nes+7niHHtuv44GtidRpRA==</PARENT_UUID>
     <PROPERTY_UUID>nes+7niHHtuv44GtidMJRA==</PROPERTY_UUID>
     <PROPERTY_PATH>City</PROPERTY_PATH>
     <DIRECTION>I</DIRECTION>
     <DS_ATT_PATH>CITY</DS_ATT_PATH>
    </_-IWBEP_-I_SBD_MP>
    <_-IWBEP_-I_SBD_MP>
     <PROJECT>ZFLIGHT_MODEL</PROJECT>
     <NODE_UUID>nes+7niHHtuv44GtidSpRA==</NODE_UUID>
     <PARENT_UUID>nes+7niHHtuv44GtidRpRA==</PARENT_UUID>
     <PROPERTY_UUID>nes+7niHHtuv44GtidMpRA==</PROPERTY_UUID>
     <PROPERTY_PATH>Country</PROPERTY_PATH>
     <DIRECTION>I</DIRECTION>
     <DS_ATT_PATH>COUNTRY</DS_ATT_PATH>
    </_-IWBEP_-I_SBD_MP>
    <_-IWBEP_-I_SBD_MP>
     <PROJECT>ZFLIGHT_MODEL</PROJECT>
     <NODE_UUID>nes+7niHHtuv44GtidTJRA==</NODE_UUID>
     <PARENT_UUID>nes+7niHHtuv44GtidRpRA==</PARENT_UUID>
     <PROPERTY_UUID>nes+7niHHtuv44GtidNJRA==</PROPERTY_UUID>
     <PROPERTY_PATH>Airport</PROPERTY_PATH>
     <DIRECTION>I</DIRECTION>
     <DS_ATT_PATH>AIRPORT</DS_ATT_PATH>
    </_-IWBEP_-I_SBD_MP>
    <_-IWBEP_-I_SBD_MP>
     <PROJECT>ZFLIGHT_MODEL</PROJECT>
     <NODE_UUID>nes+7niHHtuv44GtidTpRA==</NODE_UUID>
     <PARENT_UUID>nes+7niHHtuv44GtidRpRA==</PARENT_UUID>
     <PROPERTY_UUID>nes+7niHHtuv44GtidNpRA==</PROPERTY_UUID>
     <PROPERTY_PATH>DepartureAirport</PROPERTY_PATH>
    </_-IWBEP_-I_SBD_MP>
    <_-IWBEP_-I_SBD_MP>
     <PROJECT>ZFLIGHT_MODEL</PROJECT>
     <NODE_UUID>nes+7niHHtuv44GtidUJRA==</NODE_UUID>
     <PARENT_UUID>nes+7niHHtuv44GtidRpRA==</PARENT_UUID>
     <PROPERTY_UUID>nes+7niHHtuv44GtidNJRA==</PROPERTY_UUID>
     <PROPERTY_PATH>Airport</PROPERTY_PATH>
     <DIRECTION>O</DIRECTION>
     <DS_ATT_PATH>RESULT_LIST\AIRPORT</DS_ATT_PATH>
    </_-IWBEP_-I_SBD_MP>
    <_-IWBEP_-I_SBD_MP>
     <PROJECT>ZFLIGHT_MODEL</PROJECT>
     <NODE_UUID>nes+7niHHtuv44GtidVJRA==</NODE_UUID>
     <PARENT_UUID>nes+7niHHtuv44GtidRpRA==</PARENT_UUID>
     <PROPERTY_UUID>nes+7niHHtuv44GtidMpRA==</PROPERTY_UUID>
     <PROPERTY_PATH>Country</PROPERTY_PATH>
     <DIRECTION>O</DIRECTION>
     <DS_ATT_PATH>RESULT_LIST\COUNTRY</DS_ATT_PATH>
    </_-IWBEP_-I_SBD_MP>
    <_-IWBEP_-I_SBD_MP>
     <PROJECT>ZFLIGHT_MODEL</PROJECT>
     <NODE_UUID>nes+7niHHtuv44GtidWJRA==</NODE_UUID>
     <PARENT_UUID>nes+7niHHtuv44GtidRpRA==</PARENT_UUID>
     <PROPERTY_UUID>nes+7niHHtuv44GtidMJRA==</PROPERTY_UUID>
     <PROPERTY_PATH>City</PROPERTY_PATH>
     <DIRECTION>O</DIRECTION>
     <DS_ATT_PATH>RESULT_LIST\CITY</DS_ATT_PATH>
    </_-IWBEP_-I_SBD_MP>
    <_-IWBEP_-I_SBD_MP>
     <PROJECT>ZFLIGHT_MODEL</PROJECT>
     <NODE_UUID>nes+7niHHtuv44GtidXpRA==</NODE_UUID>
     <PARENT_UUID>nes+7niHHtuv44GtidXJRA==</PARENT_UUID>
     <PROPERTY_UUID>nes+7niHHtuv44GtidMJRA==</PROPERTY_UUID>
     <PROPERTY_PATH>City</PROPERTY_PATH>
     <DIRECTION>O</DIRECTION>
     <DS_ATT_PATH>RESULT_LIST\CITY</DS_ATT_PATH>
    </_-IWBEP_-I_SBD_MP>
    <_-IWBEP_-I_SBD_MP>
     <PROJECT>ZFLIGHT_MODEL</PROJECT>
     <NODE_UUID>nes+7niHHtuv44GtidYJRA==</NODE_UUID>
     <PARENT_UUID>nes+7niHHtuv44GtidXJRA==</PARENT_UUID>
     <PROPERTY_UUID>nes+7niHHtuv44GtidMpRA==</PROPERTY_UUID>
     <PROPERTY_PATH>Country</PROPERTY_PATH>
     <DIRECTION>O</DIRECTION>
     <DS_ATT_PATH>RESULT_LIST\COUNTRY</DS_ATT_PATH>
    </_-IWBEP_-I_SBD_MP>
    <_-IWBEP_-I_SBD_MP>
     <PROJECT>ZFLIGHT_MODEL</PROJECT>
     <NODE_UUID>nes+7niHHtuv44GtidYpRA==</NODE_UUID>
     <PARENT_UUID>nes+7niHHtuv44GtidXJRA==</PARENT_UUID>
     <PROPERTY_UUID>nes+7niHHtuv44GtidNJRA==</PROPERTY_UUID>
     <PROPERTY_PATH>Airport</PROPERTY_PATH>
     <DIRECTION>I</DIRECTION>
     <DS_ATT_PATH>AIRPORT</DS_ATT_PATH>
    </_-IWBEP_-I_SBD_MP>
    <_-IWBEP_-I_SBD_MP>
     <PROJECT>ZFLIGHT_MODEL</PROJECT>
     <NODE_UUID>nes+7niHHtuv44GtidZpRA==</NODE_UUID>
     <PARENT_UUID>nes+7niHHtuv44GtidXJRA==</PARENT_UUID>
     <PROPERTY_UUID>nes+7niHHtuv44GtidNJRA==</PROPERTY_UUID>
     <PROPERTY_PATH>Airport</PROPERTY_PATH>
     <DIRECTION>O</DIRECTION>
     <DS_ATT_PATH>RESULT_LIST\AIRPORT</DS_ATT_PATH>
    </_-IWBEP_-I_SBD_MP>
   </_-IWBEP_-I_SBD_MP>
   <_-IWBEP_-I_SBD_MR>
    <_-IWBEP_-I_SBD_MR>
     <PROJECT>ZFLIGHT_MODEL</PROJECT>
     <NODE_UUID>nes+7niHHtuv44GtidSJRA==</NODE_UUID>
     <DS_ATT_PATH>CITY\HIGH</DS_ATT_PATH>
     <SEMANTICS>H</SEMANTICS>
    </_-IWBEP_-I_SBD_MR>
    <_-IWBEP_-I_SBD_MR>
     <PROJECT>ZFLIGHT_MODEL</PROJECT>
     <NODE_UUID>nes+7niHHtuv44GtidSJRA==</NODE_UUID>
     <DS_ATT_PATH>CITY\LOW</DS_ATT_PATH>
     <SEMANTICS>L</SEMANTICS>
    </_-IWBEP_-I_SBD_MR>
    <_-IWBEP_-I_SBD_MR>
     <PROJECT>ZFLIGHT_MODEL</PROJECT>
     <NODE_UUID>nes+7niHHtuv44GtidSJRA==</NODE_UUID>
     <DS_ATT_PATH>CITY\OPTION</DS_ATT_PATH>
     <SEMANTICS>O</SEMANTICS>
    </_-IWBEP_-I_SBD_MR>
    <_-IWBEP_-I_SBD_MR>
     <PROJECT>ZFLIGHT_MODEL</PROJECT>
     <NODE_UUID>nes+7niHHtuv44GtidSJRA==</NODE_UUID>
     <DS_ATT_PATH>CITY\SIGN</DS_ATT_PATH>
     <SEMANTICS>S</SEMANTICS>
    </_-IWBEP_-I_SBD_MR>
    <_-IWBEP_-I_SBD_MR>
     <PROJECT>ZFLIGHT_MODEL</PROJECT>
     <NODE_UUID>nes+7niHHtuv44GtidSpRA==</NODE_UUID>
     <DS_ATT_PATH>COUNTRY\HIGH</DS_ATT_PATH>
     <SEMANTICS>H</SEMANTICS>
    </_-IWBEP_-I_SBD_MR>
    <_-IWBEP_-I_SBD_MR>
     <PROJECT>ZFLIGHT_MODEL</PROJECT>
     <NODE_UUID>nes+7niHHtuv44GtidSpRA==</NODE_UUID>
     <DS_ATT_PATH>COUNTRY\LOW</DS_ATT_PATH>
     <SEMANTICS>L</SEMANTICS>
    </_-IWBEP_-I_SBD_MR>
    <_-IWBEP_-I_SBD_MR>
     <PROJECT>ZFLIGHT_MODEL</PROJECT>
     <NODE_UUID>nes+7niHHtuv44GtidSpRA==</NODE_UUID>
     <DS_ATT_PATH>COUNTRY\OPTION</DS_ATT_PATH>
     <SEMANTICS>O</SEMANTICS>
    </_-IWBEP_-I_SBD_MR>
    <_-IWBEP_-I_SBD_MR>
     <PROJECT>ZFLIGHT_MODEL</PROJECT>
     <NODE_UUID>nes+7niHHtuv44GtidSpRA==</NODE_UUID>
     <DS_ATT_PATH>COUNTRY\SIGN</DS_ATT_PATH>
     <SEMANTICS>S</SEMANTICS>
    </_-IWBEP_-I_SBD_MR>
    <_-IWBEP_-I_SBD_MR>
     <PROJECT>ZFLIGHT_MODEL</PROJECT>
     <NODE_UUID>nes+7niHHtuv44GtidTJRA==</NODE_UUID>
     <DS_ATT_PATH>AIRPORT\HIGH</DS_ATT_PATH>
     <SEMANTICS>H</SEMANTICS>
    </_-IWBEP_-I_SBD_MR>
    <_-IWBEP_-I_SBD_MR>
     <PROJECT>ZFLIGHT_MODEL</PROJECT>
     <NODE_UUID>nes+7niHHtuv44GtidTJRA==</NODE_UUID>
     <DS_ATT_PATH>AIRPORT\LOW</DS_ATT_PATH>
     <SEMANTICS>L</SEMANTICS>
    </_-IWBEP_-I_SBD_MR>
    <_-IWBEP_-I_SBD_MR>
     <PROJECT>ZFLIGHT_MODEL</PROJECT>
     <NODE_UUID>nes+7niHHtuv44GtidTJRA==</NODE_UUID>
     <DS_ATT_PATH>AIRPORT\OPTION</DS_ATT_PATH>
     <SEMANTICS>O</SEMANTICS>
    </_-IWBEP_-I_SBD_MR>
    <_-IWBEP_-I_SBD_MR>
     <PROJECT>ZFLIGHT_MODEL</PROJECT>
     <NODE_UUID>nes+7niHHtuv44GtidTJRA==</NODE_UUID>
     <DS_ATT_PATH>AIRPORT\SIGN</DS_ATT_PATH>
     <SEMANTICS>S</SEMANTICS>
    </_-IWBEP_-I_SBD_MR>
    <_-IWBEP_-I_SBD_MR>
     <PROJECT>ZFLIGHT_MODEL</PROJECT>
     <NODE_UUID>nes+7niHHtuv44GtidYpRA==</NODE_UUID>
     <DS_ATT_PATH>AIRPORT\HIGH</DS_ATT_PATH>
     <SEMANTICS>H</SEMANTICS>
    </_-IWBEP_-I_SBD_MR>
    <_-IWBEP_-I_SBD_MR>
     <PROJECT>ZFLIGHT_MODEL</PROJECT>
     <NODE_UUID>nes+7niHHtuv44GtidYpRA==</NODE_UUID>
     <DS_ATT_PATH>AIRPORT\LOW</DS_ATT_PATH>
     <SEMANTICS>L</SEMANTICS>
    </_-IWBEP_-I_SBD_MR>
    <_-IWBEP_-I_SBD_MR>
     <PROJECT>ZFLIGHT_MODEL</PROJECT>
     <NODE_UUID>nes+7niHHtuv44GtidYpRA==</NODE_UUID>
     <DS_ATT_PATH>AIRPORT\OPTION</DS_ATT_PATH>
     <SEMANTICS>O</SEMANTICS>
    </_-IWBEP_-I_SBD_MR>
    <_-IWBEP_-I_SBD_MR>
     <PROJECT>ZFLIGHT_MODEL</PROJECT>
     <NODE_UUID>nes+7niHHtuv44GtidYpRA==</NODE_UUID>
     <DS_ATT_PATH>AIRPORT\SIGN</DS_ATT_PATH>
     <SEMANTICS>S</SEMANTICS>
    </_-IWBEP_-I_SBD_MR>
   </_-IWBEP_-I_SBD_MR>
   <_-IWBEP_-I_SBD_NOI>
    <_-IWBEP_-I_SBD_NOI>
     <PROJECT>ZFLIGHT_MODEL</PROJECT>
     <NODE_UUID>A0OAcanqHuuHieCZIioERA==</NODE_UUID>
    </_-IWBEP_-I_SBD_NOI>
    <_-IWBEP_-I_SBD_NOI>
     <PROJECT>ZFLIGHT_MODEL</PROJECT>
     <NODE_UUID>A0OAcanqHuuHieCZIiokRA==</NODE_UUID>
    </_-IWBEP_-I_SBD_NOI>
    <_-IWBEP_-I_SBD_NOI>
     <PROJECT>ZFLIGHT_MODEL</PROJECT>
     <NODE_UUID>A0OAcanqHuuHieCZIipERA==</NODE_UUID>
    </_-IWBEP_-I_SBD_NOI>
    <_-IWBEP_-I_SBD_NOI>
     <PROJECT>ZFLIGHT_MODEL</PROJECT>
     <NODE_UUID>A0OAcanqHuuHiebN/nmERw==</NODE_UUID>
    </_-IWBEP_-I_SBD_NOI>
    <_-IWBEP_-I_SBD_NOI>
     <PROJECT>ZFLIGHT_MODEL</PROJECT>
     <NODE_UUID>A0OAcanqHuuHifCn9QGkTA==</NODE_UUID>
     <TYPE>DASO</TYPE>
     <NAME>03438071A9EA1EEB8789E6CDFE798447SPFLI</NAME>
    </_-IWBEP_-I_SBD_NOI>
    <_-IWBEP_-I_SBD_NOI>
     <PROJECT>ZFLIGHT_MODEL</PROJECT>
     <NODE_UUID>A0OAcanqHuuHifCn9QHETA==</NODE_UUID>
     <TYPE>DASO</TYPE>
     <NAME>03438071A9EA1EEB8789E6CDFE798447SPFLI\CARRID</NAME>
    </_-IWBEP_-I_SBD_NOI>
    <_-IWBEP_-I_SBD_NOI>
     <PROJECT>ZFLIGHT_MODEL</PROJECT>
     <NODE_UUID>A0OAcanqHuuHifCn9QHkTA==</NODE_UUID>
     <TYPE>DASO</TYPE>
     <NAME>03438071A9EA1EEB8789E6CDFE798447SPFLI\CONNID</NAME>
    </_-IWBEP_-I_SBD_NOI>
    <_-IWBEP_-I_SBD_NOI>
     <PROJECT>ZFLIGHT_MODEL</PROJECT>
     <NODE_UUID>A0OAcanqHuuHifCn9QIETA==</NODE_UUID>
     <TYPE>DASO</TYPE>
     <NAME>03438071A9EA1EEB8789E6CDFE798447SPFLI\COUNTRYFR</NAME>
    </_-IWBEP_-I_SBD_NOI>
    <_-IWBEP_-I_SBD_NOI>
     <PROJECT>ZFLIGHT_MODEL</PROJECT>
     <NODE_UUID>A0OAcanqHuuHifCn9QIkTA==</NODE_UUID>
     <TYPE>DASO</TYPE>
     <NAME>03438071A9EA1EEB8789E6CDFE798447SPFLI\CITYFROM</NAME>
    </_-IWBEP_-I_SBD_NOI>
    <_-IWBEP_-I_SBD_NOI>
     <PROJECT>ZFLIGHT_MODEL</PROJECT>
     <NODE_UUID>A0OAcanqHuuHifCn9QJETA==</NODE_UUID>
     <TYPE>DASO</TYPE>
     <NAME>03438071A9EA1EEB8789E6CDFE798447SPFLI\AIRPFROM</NAME>
    </_-IWBEP_-I_SBD_NOI>
    <_-IWBEP_-I_SBD_NOI>
     <PROJECT>ZFLIGHT_MODEL</PROJECT>
     <NODE_UUID>A0OAcanqHuuHifCn9QJkTA==</NODE_UUID>
     <TYPE>DASO</TYPE>
     <NAME>03438071A9EA1EEB8789E6CDFE798447SPFLI\COUNTRYTO</NAME>
    </_-IWBEP_-I_SBD_NOI>
    <_-IWBEP_-I_SBD_NOI>
     <PROJECT>ZFLIGHT_MODEL</PROJECT>
     <NODE_UUID>A0OAcanqHuuHifCn9QKETA==</NODE_UUID>
     <TYPE>DASO</TYPE>
     <NAME>03438071A9EA1EEB8789E6CDFE798447SPFLI\CITYTO</NAME>
    </_-IWBEP_-I_SBD_NOI>
    <_-IWBEP_-I_SBD_NOI>
     <PROJECT>ZFLIGHT_MODEL</PROJECT>
     <NODE_UUID>A0OAcanqHuuHifCn9QKkTA==</NODE_UUID>
     <TYPE>DASO</TYPE>
     <NAME>03438071A9EA1EEB8789E6CDFE798447SPFLI\AIRPTO</NAME>
    </_-IWBEP_-I_SBD_NOI>
    <_-IWBEP_-I_SBD_NOI>
     <PROJECT>ZFLIGHT_MODEL</PROJECT>
     <NODE_UUID>A0OAcanqHuuHifCn9QLETA==</NODE_UUID>
     <TYPE>DASO</TYPE>
     <NAME>03438071A9EA1EEB8789E6CDFE798447SPFLI\FLTIME</NAME>
    </_-IWBEP_-I_SBD_NOI>
    <_-IWBEP_-I_SBD_NOI>
     <PROJECT>ZFLIGHT_MODEL</PROJECT>
     <NODE_UUID>A0OAcanqHuuHifCn9QLkTA==</NODE_UUID>
     <TYPE>DASO</TYPE>
     <NAME>03438071A9EA1EEB8789E6CDFE798447SPFLI\DEPTIME</NAME>
    </_-IWBEP_-I_SBD_NOI>
    <_-IWBEP_-I_SBD_NOI>
     <PROJECT>ZFLIGHT_MODEL</PROJECT>
     <NODE_UUID>A0OAcanqHuuHifCn9QMETA==</NODE_UUID>
     <TYPE>DASO</TYPE>
     <NAME>03438071A9EA1EEB8789E6CDFE798447SPFLI\ARRTIME</NAME>
    </_-IWBEP_-I_SBD_NOI>
    <_-IWBEP_-I_SBD_NOI>
     <PROJECT>ZFLIGHT_MODEL</PROJECT>
     <NODE_UUID>A0OAcanqHuuHifCn9QMkTA==</NODE_UUID>
     <TYPE>DASO</TYPE>
     <NAME>03438071A9EA1EEB8789E6CDFE798447SPFLI\DISTANCE</NAME>
    </_-IWBEP_-I_SBD_NOI>
    <_-IWBEP_-I_SBD_NOI>
     <PROJECT>ZFLIGHT_MODEL</PROJECT>
     <NODE_UUID>A0OAcanqHuuHifCn9QNETA==</NODE_UUID>
     <TYPE>DASO</TYPE>
     <NAME>03438071A9EA1EEB8789E6CDFE798447SPFLI\DISTID</NAME>
    </_-IWBEP_-I_SBD_NOI>
    <_-IWBEP_-I_SBD_NOI>
     <PROJECT>ZFLIGHT_MODEL</PROJECT>
     <NODE_UUID>A0OAcanqHuuHifCn9QNkTA==</NODE_UUID>
     <TYPE>DASO</TYPE>
     <NAME>03438071A9EA1EEB8789E6CDFE798447SPFLI\FLTYPE</NAME>
    </_-IWBEP_-I_SBD_NOI>
    <_-IWBEP_-I_SBD_NOI>
     <PROJECT>ZFLIGHT_MODEL</PROJECT>
     <NODE_UUID>A0OAcanqHuuHifCn9QOETA==</NODE_UUID>
     <TYPE>DASO</TYPE>
     <NAME>03438071A9EA1EEB8789E6CDFE798447SPFLI\PERIOD</NAME>
    </_-IWBEP_-I_SBD_NOI>
    <_-IWBEP_-I_SBD_NOI>
     <PROJECT>ZFLIGHT_MODEL</PROJECT>
     <NODE_UUID>A0OAcanqHuuHifCn9QOkTA==</NODE_UUID>
    </_-IWBEP_-I_SBD_NOI>
    <_-IWBEP_-I_SBD_NOI>
     <PROJECT>ZFLIGHT_MODEL</PROJECT>
     <NODE_UUID>A0OAcanqHuuHifCn9QPETA==</NODE_UUID>
    </_-IWBEP_-I_SBD_NOI>
    <_-IWBEP_-I_SBD_NOI>
     <PROJECT>ZFLIGHT_MODEL</PROJECT>
     <NODE_UUID>A0OAcanqHuuHifCn9QPkTA==</NODE_UUID>
    </_-IWBEP_-I_SBD_NOI>
    <_-IWBEP_-I_SBD_NOI>
     <PROJECT>ZFLIGHT_MODEL</PROJECT>
     <NODE_UUID>A0OAcanqHuuHifCn9QQETA==</NODE_UUID>
    </_-IWBEP_-I_SBD_NOI>
    <_-IWBEP_-I_SBD_NOI>
     <PROJECT>ZFLIGHT_MODEL</PROJECT>
     <NODE_UUID>A0OAcanqHuuHifCn9QQkTA==</NODE_UUID>
    </_-IWBEP_-I_SBD_NOI>
    <_-IWBEP_-I_SBD_NOI>
     <PROJECT>ZFLIGHT_MODEL</PROJECT>
     <NODE_UUID>A0OAcanqHuuHifCn9QRETA==</NODE_UUID>
    </_-IWBEP_-I_SBD_NOI>
    <_-IWBEP_-I_SBD_NOI>
     <PROJECT>ZFLIGHT_MODEL</PROJECT>
     <NODE_UUID>A0OAcanqHuuHifCn9QRkTA==</NODE_UUID>
    </_-IWBEP_-I_SBD_NOI>
    <_-IWBEP_-I_SBD_NOI>
     <PROJECT>ZFLIGHT_MODEL</PROJECT>
     <NODE_UUID>A0OAcanqHuuHiilJn4iEfA==</NODE_UUID>
    </_-IWBEP_-I_SBD_NOI>
    <_-IWBEP_-I_SBD_NOI>
     <PROJECT>ZFLIGHT_MODEL</PROJECT>
     <NODE_UUID>A0OAcanqHuuHijjNxsOEhA==</NODE_UUID>
    </_-IWBEP_-I_SBD_NOI>
    <_-IWBEP_-I_SBD_NOI>
     <PROJECT>ZFLIGHT_MODEL</PROJECT>
     <NODE_UUID>A0OAcanqHuuHijjNxsOkhA==</NODE_UUID>
    </_-IWBEP_-I_SBD_NOI>
    <_-IWBEP_-I_SBD_NOI>
     <PROJECT>ZFLIGHT_MODEL</PROJECT>
     <NODE_UUID>A0OAcanqHuuHijjNxsPEhA==</NODE_UUID>
    </_-IWBEP_-I_SBD_NOI>
    <_-IWBEP_-I_SBD_NOI>
     <PROJECT>ZFLIGHT_MODEL</PROJECT>
     <NODE_UUID>A0OAcanqHuuHijjNxsPkhA==</NODE_UUID>
    </_-IWBEP_-I_SBD_NOI>
    <_-IWBEP_-I_SBD_NOI>
     <PROJECT>ZFLIGHT_MODEL</PROJECT>
     <NODE_UUID>A0OAcanqHuuHijjNxsQEhA==</NODE_UUID>
    </_-IWBEP_-I_SBD_NOI>
    <_-IWBEP_-I_SBD_NOI>
     <PROJECT>ZFLIGHT_MODEL</PROJECT>
     <NODE_UUID>A0OAcanqHuuHijjNxsQkhA==</NODE_UUID>
    </_-IWBEP_-I_SBD_NOI>
    <_-IWBEP_-I_SBD_NOI>
     <PROJECT>ZFLIGHT_MODEL</PROJECT>
     <NODE_UUID>A0OAcanqHuuHijjNxsREhA==</NODE_UUID>
    </_-IWBEP_-I_SBD_NOI>
    <_-IWBEP_-I_SBD_NOI>
     <PROJECT>ZFLIGHT_MODEL</PROJECT>
     <NODE_UUID>U58MT6MGHtuLlF71RWJOeg==</NODE_UUID>
    </_-IWBEP_-I_SBD_NOI>
    <_-IWBEP_-I_SBD_NOI>
     <PROJECT>ZFLIGHT_MODEL</PROJECT>
     <NODE_UUID>nes+7niHHtuv439wHDCpQg==</NODE_UUID>
    </_-IWBEP_-I_SBD_NOI>
    <_-IWBEP_-I_SBD_NOI>
     <PROJECT>ZFLIGHT_MODEL</PROJECT>
     <NODE_UUID>nes+7niHHtuv44GtidLpRA==</NODE_UUID>
     <TYPE>DASO</TYPE>
     <NAME>03438071A9EA1EEB8789E6CDFE798447SPFLI</NAME>
    </_-IWBEP_-I_SBD_NOI>
    <_-IWBEP_-I_SBD_NOI>
     <PROJECT>ZFLIGHT_MODEL</PROJECT>
     <NODE_UUID>nes+7niHHtuv44GtidMJRA==</NODE_UUID>
     <TYPE>DASO</TYPE>
     <NAME>9DEB3EEE78871EDBAFE37F701C30A942RESULT_LIST\CITY</NAME>
    </_-IWBEP_-I_SBD_NOI>
    <_-IWBEP_-I_SBD_NOI>
     <PROJECT>ZFLIGHT_MODEL</PROJECT>
     <NODE_UUID>nes+7niHHtuv44GtidMpRA==</NODE_UUID>
     <TYPE>DASO</TYPE>
     <NAME>9DEB3EEE78871EDBAFE37F701C30A942RESULT_LIST\COUNTRY</NAME>
    </_-IWBEP_-I_SBD_NOI>
    <_-IWBEP_-I_SBD_NOI>
     <PROJECT>ZFLIGHT_MODEL</PROJECT>
     <NODE_UUID>nes+7niHHtuv44GtidNJRA==</NODE_UUID>
     <TYPE>DASO</TYPE>
     <NAME>9DEB3EEE78871EDBAFE37F701C30A942RESULT_LIST\AIRPORT</NAME>
    </_-IWBEP_-I_SBD_NOI>
    <_-IWBEP_-I_SBD_NOI>
     <PROJECT>ZFLIGHT_MODEL</PROJECT>
     <NODE_UUID>nes+7niHHtuv44GtidNpRA==</NODE_UUID>
     <TYPE>DASO</TYPE>
     <NAME>03438071A9EA1EEB8789E6CDFE798447SPFLI\AIRPFROM</NAME>
    </_-IWBEP_-I_SBD_NOI>
    <_-IWBEP_-I_SBD_NOI>
     <PROJECT>ZFLIGHT_MODEL</PROJECT>
     <NODE_UUID>nes+7niHHtuv44GtidOJRA==</NODE_UUID>
    </_-IWBEP_-I_SBD_NOI>
    <_-IWBEP_-I_SBD_NOI>
     <PROJECT>ZFLIGHT_MODEL</PROJECT>
     <NODE_UUID>nes+7niHHtuv44GtidOpRA==</NODE_UUID>
    </_-IWBEP_-I_SBD_NOI>
    <_-IWBEP_-I_SBD_NOI>
     <PROJECT>ZFLIGHT_MODEL</PROJECT>
     <NODE_UUID>nes+7niHHtuv44GtidPJRA==</NODE_UUID>
    </_-IWBEP_-I_SBD_NOI>
    <_-IWBEP_-I_SBD_NOI>
     <PROJECT>ZFLIGHT_MODEL</PROJECT>
     <NODE_UUID>nes+7niHHtuv44GtidPpRA==</NODE_UUID>
    </_-IWBEP_-I_SBD_NOI>
    <_-IWBEP_-I_SBD_NOI>
     <PROJECT>ZFLIGHT_MODEL</PROJECT>
     <NODE_UUID>nes+7niHHtuv44GtidQJRA==</NODE_UUID>
    </_-IWBEP_-I_SBD_NOI>
    <_-IWBEP_-I_SBD_NOI>
     <PROJECT>ZFLIGHT_MODEL</PROJECT>
     <NODE_UUID>nes+7niHHtuv44GtidQpRA==</NODE_UUID>
    </_-IWBEP_-I_SBD_NOI>
    <_-IWBEP_-I_SBD_NOI>
     <PROJECT>ZFLIGHT_MODEL</PROJECT>
     <NODE_UUID>nes+7niHHtuv44GtidRJRA==</NODE_UUID>
    </_-IWBEP_-I_SBD_NOI>
    <_-IWBEP_-I_SBD_NOI>
     <PROJECT>ZFLIGHT_MODEL</PROJECT>
     <NODE_UUID>nes+7niHHtuv44GtidRpRA==</NODE_UUID>
    </_-IWBEP_-I_SBD_NOI>
    <_-IWBEP_-I_SBD_NOI>
     <PROJECT>ZFLIGHT_MODEL</PROJECT>
     <NODE_UUID>nes+7niHHtuv44GtidSJRA==</NODE_UUID>
    </_-IWBEP_-I_SBD_NOI>
    <_-IWBEP_-I_SBD_NOI>
     <PROJECT>ZFLIGHT_MODEL</PROJECT>
     <NODE_UUID>nes+7niHHtuv44GtidSpRA==</NODE_UUID>
    </_-IWBEP_-I_SBD_NOI>
    <_-IWBEP_-I_SBD_NOI>
     <PROJECT>ZFLIGHT_MODEL</PROJECT>
     <NODE_UUID>nes+7niHHtuv44GtidTJRA==</NODE_UUID>
    </_-IWBEP_-I_SBD_NOI>
    <_-IWBEP_-I_SBD_NOI>
     <PROJECT>ZFLIGHT_MODEL</PROJECT>
     <NODE_UUID>nes+7niHHtuv44GtidTpRA==</NODE_UUID>
    </_-IWBEP_-I_SBD_NOI>
    <_-IWBEP_-I_SBD_NOI>
     <PROJECT>ZFLIGHT_MODEL</PROJECT>
     <NODE_UUID>nes+7niHHtuv44GtidUJRA==</NODE_UUID>
    </_-IWBEP_-I_SBD_NOI>
    <_-IWBEP_-I_SBD_NOI>
     <PROJECT>ZFLIGHT_MODEL</PROJECT>
     <NODE_UUID>nes+7niHHtuv44GtidVJRA==</NODE_UUID>
    </_-IWBEP_-I_SBD_NOI>
    <_-IWBEP_-I_SBD_NOI>
     <PROJECT>ZFLIGHT_MODEL</PROJECT>
     <NODE_UUID>nes+7niHHtuv44GtidWJRA==</NODE_UUID>
    </_-IWBEP_-I_SBD_NOI>
    <_-IWBEP_-I_SBD_NOI>
     <PROJECT>ZFLIGHT_MODEL</PROJECT>
     <NODE_UUID>nes+7niHHtuv44GtidXJRA==</NODE_UUID>
    </_-IWBEP_-I_SBD_NOI>
    <_-IWBEP_-I_SBD_NOI>
     <PROJECT>ZFLIGHT_MODEL</PROJECT>
     <NODE_UUID>nes+7niHHtuv44GtidXpRA==</NODE_UUID>
    </_-IWBEP_-I_SBD_NOI>
    <_-IWBEP_-I_SBD_NOI>
     <PROJECT>ZFLIGHT_MODEL</PROJECT>
     <NODE_UUID>nes+7niHHtuv44GtidYJRA==</NODE_UUID>
    </_-IWBEP_-I_SBD_NOI>
    <_-IWBEP_-I_SBD_NOI>
     <PROJECT>ZFLIGHT_MODEL</PROJECT>
     <NODE_UUID>nes+7niHHtuv44GtidYpRA==</NODE_UUID>
    </_-IWBEP_-I_SBD_NOI>
    <_-IWBEP_-I_SBD_NOI>
     <PROJECT>ZFLIGHT_MODEL</PROJECT>
     <NODE_UUID>nes+7niHHtuv44GtidZpRA==</NODE_UUID>
    </_-IWBEP_-I_SBD_NOI>
    <_-IWBEP_-I_SBD_NOI>
     <PROJECT>ZFLIGHT_MODEL</PROJECT>
     <NODE_UUID>89HnShOwHuusuBUMPqZLgQ==</NODE_UUID>
    </_-IWBEP_-I_SBD_NOI>
    <_-IWBEP_-I_SBD_NOI>
     <PROJECT>ZFLIGHT_MODEL</PROJECT>
     <NODE_UUID>89HnShOwHuusuC23+IurlA==</NODE_UUID>
     <TYPE>DASO</TYPE>
     <NAME>F3D1E74A13B01EEBACB8150C3EA64B81ZSPFLIV</NAME>
    </_-IWBEP_-I_SBD_NOI>
    <_-IWBEP_-I_SBD_NOI>
     <PROJECT>ZFLIGHT_MODEL</PROJECT>
     <NODE_UUID>89HnShOwHuusuC23+IvLlA==</NODE_UUID>
     <TYPE>DASO</TYPE>
     <NAME>F3D1E74A13B01EEBACB8150C3EA64B81ZSPFLIV\CARRID</NAME>
    </_-IWBEP_-I_SBD_NOI>
    <_-IWBEP_-I_SBD_NOI>
     <PROJECT>ZFLIGHT_MODEL</PROJECT>
     <NODE_UUID>89HnShOwHuusuC23+IvrlA==</NODE_UUID>
     <TYPE>DASO</TYPE>
     <NAME>F3D1E74A13B01EEBACB8150C3EA64B81ZSPFLIV\CONNID</NAME>
    </_-IWBEP_-I_SBD_NOI>
    <_-IWBEP_-I_SBD_NOI>
     <PROJECT>ZFLIGHT_MODEL</PROJECT>
     <NODE_UUID>89HnShOwHuusuC23+IwLlA==</NODE_UUID>
     <TYPE>DASO</TYPE>
     <NAME>F3D1E74A13B01EEBACB8150C3EA64B81ZSPFLIV\COUNTRYFR</NAME>
    </_-IWBEP_-I_SBD_NOI>
    <_-IWBEP_-I_SBD_NOI>
     <PROJECT>ZFLIGHT_MODEL</PROJECT>
     <NODE_UUID>89HnShOwHuusuC23+IwrlA==</NODE_UUID>
     <TYPE>DASO</TYPE>
     <NAME>F3D1E74A13B01EEBACB8150C3EA64B81ZSPFLIV\CITYFROM</NAME>
    </_-IWBEP_-I_SBD_NOI>
    <_-IWBEP_-I_SBD_NOI>
     <PROJECT>ZFLIGHT_MODEL</PROJECT>
     <NODE_UUID>89HnShOwHuusuC23+IxLlA==</NODE_UUID>
     <TYPE>DASO</TYPE>
     <NAME>F3D1E74A13B01EEBACB8150C3EA64B81ZSPFLIV\COUNTRYTO</NAME>
    </_-IWBEP_-I_SBD_NOI>
    <_-IWBEP_-I_SBD_NOI>
     <PROJECT>ZFLIGHT_MODEL</PROJECT>
     <NODE_UUID>89HnShOwHuusuC23+IxrlA==</NODE_UUID>
     <TYPE>DASO</TYPE>
     <NAME>F3D1E74A13B01EEBACB8150C3EA64B81ZSPFLIV\CITYTO</NAME>
    </_-IWBEP_-I_SBD_NOI>
    <_-IWBEP_-I_SBD_NOI>
     <PROJECT>ZFLIGHT_MODEL</PROJECT>
     <NODE_UUID>89HnShOwHuusuC23+IyLlA==</NODE_UUID>
     <TYPE>DASO</TYPE>
     <NAME>F3D1E74A13B01EEBACB8150C3EA64B81ZSPFLIV\AIRPTO</NAME>
    </_-IWBEP_-I_SBD_NOI>
    <_-IWBEP_-I_SBD_NOI>
     <PROJECT>ZFLIGHT_MODEL</PROJECT>
     <NODE_UUID>89HnShOwHuusuC23+IyrlA==</NODE_UUID>
     <TYPE>DASO</TYPE>
     <NAME>F3D1E74A13B01EEBACB8150C3EA64B81ZSPFLIV\FLTIME</NAME>
    </_-IWBEP_-I_SBD_NOI>
    <_-IWBEP_-I_SBD_NOI>
     <PROJECT>ZFLIGHT_MODEL</PROJECT>
     <NODE_UUID>89HnShOwHuusuC23+IzLlA==</NODE_UUID>
     <TYPE>DASO</TYPE>
     <NAME>F3D1E74A13B01EEBACB8150C3EA64B81ZSPFLIV\DEPTIME</NAME>
    </_-IWBEP_-I_SBD_NOI>
    <_-IWBEP_-I_SBD_NOI>
     <PROJECT>ZFLIGHT_MODEL</PROJECT>
     <NODE_UUID>89HnShOwHuusuC23+IzrlA==</NODE_UUID>
     <TYPE>DASO</TYPE>
     <NAME>F3D1E74A13B01EEBACB8150C3EA64B81ZSPFLIV\ARRTIME</NAME>
    </_-IWBEP_-I_SBD_NOI>
    <_-IWBEP_-I_SBD_NOI>
     <PROJECT>ZFLIGHT_MODEL</PROJECT>
     <NODE_UUID>89HnShOwHuusuC23+I0LlA==</NODE_UUID>
     <TYPE>DASO</TYPE>
     <NAME>F3D1E74A13B01EEBACB8150C3EA64B81ZSPFLIV\DISTANCE</NAME>
    </_-IWBEP_-I_SBD_NOI>
    <_-IWBEP_-I_SBD_NOI>
     <PROJECT>ZFLIGHT_MODEL</PROJECT>
     <NODE_UUID>89HnShOwHuusuC23+I0rlA==</NODE_UUID>
     <TYPE>DASO</TYPE>
     <NAME>F3D1E74A13B01EEBACB8150C3EA64B81ZSPFLIV\DISTID</NAME>
    </_-IWBEP_-I_SBD_NOI>
    <_-IWBEP_-I_SBD_NOI>
     <PROJECT>ZFLIGHT_MODEL</PROJECT>
     <NODE_UUID>89HnShOwHuusuC23+I1LlA==</NODE_UUID>
     <TYPE>DASO</TYPE>
     <NAME>F3D1E74A13B01EEBACB8150C3EA64B81ZSPFLIV\FLTYPE</NAME>
    </_-IWBEP_-I_SBD_NOI>
    <_-IWBEP_-I_SBD_NOI>
     <PROJECT>ZFLIGHT_MODEL</PROJECT>
     <NODE_UUID>89HnShOwHuusuC23+I1rlA==</NODE_UUID>
     <TYPE>DASO</TYPE>
     <NAME>F3D1E74A13B01EEBACB8150C3EA64B81ZSPFLIV\PERIOD</NAME>
    </_-IWBEP_-I_SBD_NOI>
    <_-IWBEP_-I_SBD_NOI>
     <PROJECT>ZFLIGHT_MODEL</PROJECT>
     <NODE_UUID>89HnShOwHuusuC23+I2LlA==</NODE_UUID>
     <TYPE>DASO</TYPE>
     <NAME>F3D1E74A13B01EEBACB8150C3EA64B81ZSPFLIV\LAST_CHANGE</NAME>
    </_-IWBEP_-I_SBD_NOI>
    <_-IWBEP_-I_SBD_NOI>
     <PROJECT>ZFLIGHT_MODEL</PROJECT>
     <NODE_UUID>89HnShOwHuusuC23+I2rlA==</NODE_UUID>
    </_-IWBEP_-I_SBD_NOI>
    <_-IWBEP_-I_SBD_NOI>
     <PROJECT>ZFLIGHT_MODEL</PROJECT>
     <NODE_UUID>89HnShOwHuusuC23+I3LlA==</NODE_UUID>
    </_-IWBEP_-I_SBD_NOI>
    <_-IWBEP_-I_SBD_NOI>
     <PROJECT>ZFLIGHT_MODEL</PROJECT>
     <NODE_UUID>89HnShOwHuusuC23+I3rlA==</NODE_UUID>
    </_-IWBEP_-I_SBD_NOI>
    <_-IWBEP_-I_SBD_NOI>
     <PROJECT>ZFLIGHT_MODEL</PROJECT>
     <NODE_UUID>89HnShOwHuusuC23+I4LlA==</NODE_UUID>
    </_-IWBEP_-I_SBD_NOI>
    <_-IWBEP_-I_SBD_NOI>
     <PROJECT>ZFLIGHT_MODEL</PROJECT>
     <NODE_UUID>89HnShOwHuusuC23+I4rlA==</NODE_UUID>
    </_-IWBEP_-I_SBD_NOI>
    <_-IWBEP_-I_SBD_NOI>
     <PROJECT>ZFLIGHT_MODEL</PROJECT>
     <NODE_UUID>89HnShOwHuusuC23+I5LlA==</NODE_UUID>
    </_-IWBEP_-I_SBD_NOI>
    <_-IWBEP_-I_SBD_NOI>
     <PROJECT>ZFLIGHT_MODEL</PROJECT>
     <NODE_UUID>89HnShOwHuusuC23+I5rlA==</NODE_UUID>
    </_-IWBEP_-I_SBD_NOI>
    <_-IWBEP_-I_SBD_NOI>
     <PROJECT>ZFLIGHT_MODEL</PROJECT>
     <NODE_UUID>89HnShOwHuusuELVYQ6roA==</NODE_UUID>
    </_-IWBEP_-I_SBD_NOI>
   </_-IWBEP_-I_SBD_NOI>
   <_-IWBEP_-I_SBD_OP>
    <_-IWBEP_-I_SBD_OP>
     <PROJECT>ZFLIGHT_MODEL</PROJECT>
     <NODE_UUID>A0OAcanqHuuHifCn9QPkTA==</NODE_UUID>
     <PARENT_UUID>A0OAcanqHuuHifCn9QPETA==</PARENT_UUID>
     <NAME>Create</NAME>
     <OPERATION_TYPE>C</OPERATION_TYPE>
     <IMP_METHOD>FLIGHTPLANSET_CREATE_ENTITY</IMP_METHOD>
    </_-IWBEP_-I_SBD_OP>
    <_-IWBEP_-I_SBD_OP>
     <PROJECT>ZFLIGHT_MODEL</PROJECT>
     <NODE_UUID>A0OAcanqHuuHifCn9QQETA==</NODE_UUID>
     <PARENT_UUID>A0OAcanqHuuHifCn9QPETA==</PARENT_UUID>
     <NAME>GetEntity (Read)</NAME>
     <OPERATION_TYPE>R</OPERATION_TYPE>
     <IMP_METHOD>FLIGHTPLANSET_GET_ENTITY</IMP_METHOD>
    </_-IWBEP_-I_SBD_OP>
    <_-IWBEP_-I_SBD_OP>
     <PROJECT>ZFLIGHT_MODEL</PROJECT>
     <NODE_UUID>A0OAcanqHuuHifCn9QQkTA==</NODE_UUID>
     <PARENT_UUID>A0OAcanqHuuHifCn9QPETA==</PARENT_UUID>
     <NAME>Update</NAME>
     <OPERATION_TYPE>U</OPERATION_TYPE>
     <IMP_METHOD>FLIGHTPLANSET_UPDATE_ENTITY</IMP_METHOD>
    </_-IWBEP_-I_SBD_OP>
    <_-IWBEP_-I_SBD_OP>
     <PROJECT>ZFLIGHT_MODEL</PROJECT>
     <NODE_UUID>A0OAcanqHuuHifCn9QRETA==</NODE_UUID>
     <PARENT_UUID>A0OAcanqHuuHifCn9QPETA==</PARENT_UUID>
     <NAME>Delete</NAME>
     <OPERATION_TYPE>D</OPERATION_TYPE>
     <IMP_METHOD>FLIGHTPLANSET_DELETE_ENTITY</IMP_METHOD>
    </_-IWBEP_-I_SBD_OP>
    <_-IWBEP_-I_SBD_OP>
     <PROJECT>ZFLIGHT_MODEL</PROJECT>
     <NODE_UUID>A0OAcanqHuuHifCn9QRkTA==</NODE_UUID>
     <PARENT_UUID>A0OAcanqHuuHifCn9QPETA==</PARENT_UUID>
     <NAME>GetEntitySet (Query)</NAME>
     <OPERATION_TYPE>Q</OPERATION_TYPE>
     <IMP_METHOD>FLIGHTPLANSET_GET_ENTITYSET</IMP_METHOD>
    </_-IWBEP_-I_SBD_OP>
    <_-IWBEP_-I_SBD_OP>
     <PROJECT>ZFLIGHT_MODEL</PROJECT>
     <NODE_UUID>nes+7niHHtuv44GtidPJRA==</NODE_UUID>
     <PARENT_UUID>nes+7niHHtuv44GtidOpRA==</PARENT_UUID>
     <NAME>Create</NAME>
     <OPERATION_TYPE>C</OPERATION_TYPE>
     <IMP_METHOD>AIRPORTVALUEHELP_CREATE_ENTITY</IMP_METHOD>
    </_-IWBEP_-I_SBD_OP>
    <_-IWBEP_-I_SBD_OP>
     <PROJECT>ZFLIGHT_MODEL</PROJECT>
     <NODE_UUID>nes+7niHHtuv44GtidPpRA==</NODE_UUID>
     <PARENT_UUID>nes+7niHHtuv44GtidOpRA==</PARENT_UUID>
     <NAME>GetEntity (Read)</NAME>
     <OPERATION_TYPE>R</OPERATION_TYPE>
     <IMP_METHOD>AIRPORTVALUEHELP_GET_ENTITY</IMP_METHOD>
    </_-IWBEP_-I_SBD_OP>
    <_-IWBEP_-I_SBD_OP>
     <PROJECT>ZFLIGHT_MODEL</PROJECT>
     <NODE_UUID>nes+7niHHtuv44GtidQJRA==</NODE_UUID>
     <PARENT_UUID>nes+7niHHtuv44GtidOpRA==</PARENT_UUID>
     <NAME>Update</NAME>
     <OPERATION_TYPE>U</OPERATION_TYPE>
     <IMP_METHOD>AIRPORTVALUEHELP_UPDATE_ENTITY</IMP_METHOD>
    </_-IWBEP_-I_SBD_OP>
    <_-IWBEP_-I_SBD_OP>
     <PROJECT>ZFLIGHT_MODEL</PROJECT>
     <NODE_UUID>nes+7niHHtuv44GtidQpRA==</NODE_UUID>
     <PARENT_UUID>nes+7niHHtuv44GtidOpRA==</PARENT_UUID>
     <NAME>Delete</NAME>
     <OPERATION_TYPE>D</OPERATION_TYPE>
     <IMP_METHOD>AIRPORTVALUEHELP_DELETE_ENTITY</IMP_METHOD>
    </_-IWBEP_-I_SBD_OP>
    <_-IWBEP_-I_SBD_OP>
     <PROJECT>ZFLIGHT_MODEL</PROJECT>
     <NODE_UUID>nes+7niHHtuv44GtidRJRA==</NODE_UUID>
     <PARENT_UUID>nes+7niHHtuv44GtidOpRA==</PARENT_UUID>
     <NAME>GetEntitySet (Query)</NAME>
     <OPERATION_TYPE>Q</OPERATION_TYPE>
     <IMP_METHOD>AIRPORTVALUEHELP_GET_ENTITYSET</IMP_METHOD>
    </_-IWBEP_-I_SBD_OP>
    <_-IWBEP_-I_SBD_OP>
     <PROJECT>ZFLIGHT_MODEL</PROJECT>
     <NODE_UUID>89HnShOwHuusuC23+I3rlA==</NODE_UUID>
     <PARENT_UUID>89HnShOwHuusuC23+I3LlA==</PARENT_UUID>
     <NAME>Create</NAME>
     <OPERATION_TYPE>C</OPERATION_TYPE>
     <IMP_METHOD>FLIGHTPLANSYNCSE_CREATE_ENTITY</IMP_METHOD>
    </_-IWBEP_-I_SBD_OP>
    <_-IWBEP_-I_SBD_OP>
     <PROJECT>ZFLIGHT_MODEL</PROJECT>
     <NODE_UUID>89HnShOwHuusuC23+I4LlA==</NODE_UUID>
     <PARENT_UUID>89HnShOwHuusuC23+I3LlA==</PARENT_UUID>
     <NAME>GetEntity (Read)</NAME>
     <OPERATION_TYPE>R</OPERATION_TYPE>
     <IMP_METHOD>FLIGHTPLANSYNCSE_GET_ENTITY</IMP_METHOD>
    </_-IWBEP_-I_SBD_OP>
    <_-IWBEP_-I_SBD_OP>
     <PROJECT>ZFLIGHT_MODEL</PROJECT>
     <NODE_UUID>89HnShOwHuusuC23+I4rlA==</NODE_UUID>
     <PARENT_UUID>89HnShOwHuusuC23+I3LlA==</PARENT_UUID>
     <NAME>Update</NAME>
     <OPERATION_TYPE>U</OPERATION_TYPE>
     <IMP_METHOD>FLIGHTPLANSYNCSE_UPDATE_ENTITY</IMP_METHOD>
    </_-IWBEP_-I_SBD_OP>
    <_-IWBEP_-I_SBD_OP>
     <PROJECT>ZFLIGHT_MODEL</PROJECT>
     <NODE_UUID>89HnShOwHuusuC23+I5LlA==</NODE_UUID>
     <PARENT_UUID>89HnShOwHuusuC23+I3LlA==</PARENT_UUID>
     <NAME>Delete</NAME>
     <OPERATION_TYPE>D</OPERATION_TYPE>
     <IMP_METHOD>FLIGHTPLANSYNCSE_DELETE_ENTITY</IMP_METHOD>
    </_-IWBEP_-I_SBD_OP>
    <_-IWBEP_-I_SBD_OP>
     <PROJECT>ZFLIGHT_MODEL</PROJECT>
     <NODE_UUID>89HnShOwHuusuC23+I5rlA==</NODE_UUID>
     <PARENT_UUID>89HnShOwHuusuC23+I3LlA==</PARENT_UUID>
     <NAME>GetEntitySet (Query)</NAME>
     <OPERATION_TYPE>Q</OPERATION_TYPE>
     <IMP_METHOD>FLIGHTPLANSYNCSE_GET_ENTITYSET</IMP_METHOD>
    </_-IWBEP_-I_SBD_OP>
   </_-IWBEP_-I_SBD_OP>
   <_-IWBEP_-I_SBD_OPT>
    <_-IWBEP_-I_SBD_OPT>
     <SYLANGU>D</SYLANGU>
     <PROJECT>ZFLIGHT_MODEL</PROJECT>
     <NODE_UUID>A0OAcanqHuuHifCn9QPkTA==</NODE_UUID>
    </_-IWBEP_-I_SBD_OPT>
    <_-IWBEP_-I_SBD_OPT>
     <SYLANGU>D</SYLANGU>
     <PROJECT>ZFLIGHT_MODEL</PROJECT>
     <NODE_UUID>A0OAcanqHuuHifCn9QQETA==</NODE_UUID>
    </_-IWBEP_-I_SBD_OPT>
    <_-IWBEP_-I_SBD_OPT>
     <SYLANGU>D</SYLANGU>
     <PROJECT>ZFLIGHT_MODEL</PROJECT>
     <NODE_UUID>A0OAcanqHuuHifCn9QQkTA==</NODE_UUID>
    </_-IWBEP_-I_SBD_OPT>
    <_-IWBEP_-I_SBD_OPT>
     <SYLANGU>D</SYLANGU>
     <PROJECT>ZFLIGHT_MODEL</PROJECT>
     <NODE_UUID>A0OAcanqHuuHifCn9QRETA==</NODE_UUID>
    </_-IWBEP_-I_SBD_OPT>
    <_-IWBEP_-I_SBD_OPT>
     <SYLANGU>D</SYLANGU>
     <PROJECT>ZFLIGHT_MODEL</PROJECT>
     <NODE_UUID>A0OAcanqHuuHifCn9QRkTA==</NODE_UUID>
    </_-IWBEP_-I_SBD_OPT>
    <_-IWBEP_-I_SBD_OPT>
     <SYLANGU>D</SYLANGU>
     <PROJECT>ZFLIGHT_MODEL</PROJECT>
     <NODE_UUID>nes+7niHHtuv44GtidPJRA==</NODE_UUID>
    </_-IWBEP_-I_SBD_OPT>
    <_-IWBEP_-I_SBD_OPT>
     <SYLANGU>D</SYLANGU>
     <PROJECT>ZFLIGHT_MODEL</PROJECT>
     <NODE_UUID>nes+7niHHtuv44GtidPpRA==</NODE_UUID>
    </_-IWBEP_-I_SBD_OPT>
    <_-IWBEP_-I_SBD_OPT>
     <SYLANGU>D</SYLANGU>
     <PROJECT>ZFLIGHT_MODEL</PROJECT>
     <NODE_UUID>nes+7niHHtuv44GtidQJRA==</NODE_UUID>
    </_-IWBEP_-I_SBD_OPT>
    <_-IWBEP_-I_SBD_OPT>
     <SYLANGU>D</SYLANGU>
     <PROJECT>ZFLIGHT_MODEL</PROJECT>
     <NODE_UUID>nes+7niHHtuv44GtidQpRA==</NODE_UUID>
    </_-IWBEP_-I_SBD_OPT>
    <_-IWBEP_-I_SBD_OPT>
     <SYLANGU>D</SYLANGU>
     <PROJECT>ZFLIGHT_MODEL</PROJECT>
     <NODE_UUID>nes+7niHHtuv44GtidRJRA==</NODE_UUID>
    </_-IWBEP_-I_SBD_OPT>
    <_-IWBEP_-I_SBD_OPT>
     <SYLANGU>D</SYLANGU>
     <PROJECT>ZFLIGHT_MODEL</PROJECT>
     <NODE_UUID>89HnShOwHuusuC23+I3rlA==</NODE_UUID>
    </_-IWBEP_-I_SBD_OPT>
    <_-IWBEP_-I_SBD_OPT>
     <SYLANGU>D</SYLANGU>
     <PROJECT>ZFLIGHT_MODEL</PROJECT>
     <NODE_UUID>89HnShOwHuusuC23+I4LlA==</NODE_UUID>
    </_-IWBEP_-I_SBD_OPT>
    <_-IWBEP_-I_SBD_OPT>
     <SYLANGU>D</SYLANGU>
     <PROJECT>ZFLIGHT_MODEL</PROJECT>
     <NODE_UUID>89HnShOwHuusuC23+I4rlA==</NODE_UUID>
    </_-IWBEP_-I_SBD_OPT>
    <_-IWBEP_-I_SBD_OPT>
     <SYLANGU>D</SYLANGU>
     <PROJECT>ZFLIGHT_MODEL</PROJECT>
     <NODE_UUID>89HnShOwHuusuC23+I5LlA==</NODE_UUID>
    </_-IWBEP_-I_SBD_OPT>
    <_-IWBEP_-I_SBD_OPT>
     <SYLANGU>D</SYLANGU>
     <PROJECT>ZFLIGHT_MODEL</PROJECT>
     <NODE_UUID>89HnShOwHuusuC23+I5rlA==</NODE_UUID>
    </_-IWBEP_-I_SBD_OPT>
   </_-IWBEP_-I_SBD_OPT>
   <_-IWBEP_-I_SBD_PR>
    <_-IWBEP_-I_SBD_PR>
     <PROJECT>ZFLIGHT_MODEL</PROJECT>
     <NODE_UUID>A0OAcanqHuuHieCZIioERA==</NODE_UUID>
     <CREATION_USER_ID>DEVELOPER</CREATION_USER_ID>
     <CREATION_TIME>20201101143207.321318</CREATION_TIME>
     <LAST_CHG_USER_ID>DEVELOPER</LAST_CHG_USER_ID>
     <LAST_CHG_TIME>20210811203558.056028</LAST_CHG_TIME>
     <LAST_CHG_STATE>Aflj2/WCHtu+3Hd6iF5bwg==</LAST_CHG_STATE>
     <PLUGIN>/IWBEP/GEN</PLUGIN>
     <STRAT_NAME>0001</STRAT_NAME>
     <STRAT_VERSION>0001</STRAT_VERSION>
     <PROJECT_TYPE>1</PROJECT_TYPE>
    </_-IWBEP_-I_SBD_PR>
   </_-IWBEP_-I_SBD_PR>
   <_-IWBEP_-I_SBD_PRT>
    <_-IWBEP_-I_SBD_PRT>
     <PROJECT>ZFLIGHT_MODEL</PROJECT>
     <SYLANGU>D</SYLANGU>
     <DESCRIPTION>Flugmodel</DESCRIPTION>
    </_-IWBEP_-I_SBD_PRT>
   </_-IWBEP_-I_SBD_PRT>
   <_-IWBEP_-I_SBD_SE>
    <_-IWBEP_-I_SBD_SE>
     <PROJECT>ZFLIGHT_MODEL</PROJECT>
     <NODE_UUID>A0OAcanqHuuHifCn9QPETA==</NODE_UUID>
     <PARENT_UUID>A0OAcanqHuuHieCZIipERA==</PARENT_UUID>
     <NAME>FlightPlanSet</NAME>
     <ENTITY_SET_UUID>A0OAcanqHuuHifCn9QOkTA==</ENTITY_SET_UUID>
    </_-IWBEP_-I_SBD_SE>
    <_-IWBEP_-I_SBD_SE>
     <PROJECT>ZFLIGHT_MODEL</PROJECT>
     <NODE_UUID>nes+7niHHtuv44GtidOpRA==</NODE_UUID>
     <PARENT_UUID>A0OAcanqHuuHieCZIipERA==</PARENT_UUID>
     <NAME>AirportValueHelpSet</NAME>
     <ENTITY_SET_UUID>nes+7niHHtuv44GtidOJRA==</ENTITY_SET_UUID>
    </_-IWBEP_-I_SBD_SE>
    <_-IWBEP_-I_SBD_SE>
     <PROJECT>ZFLIGHT_MODEL</PROJECT>
     <NODE_UUID>89HnShOwHuusuC23+I3LlA==</NODE_UUID>
     <PARENT_UUID>A0OAcanqHuuHieCZIipERA==</PARENT_UUID>
     <NAME>FlightPlanSyncSet</NAME>
     <ENTITY_SET_UUID>89HnShOwHuusuC23+I2rlA==</ENTITY_SET_UUID>
    </_-IWBEP_-I_SBD_SE>
   </_-IWBEP_-I_SBD_SE>
   <_-IWBEP_-I_SBD_SET>
    <_-IWBEP_-I_SBD_SET>
     <SYLANGU>D</SYLANGU>
     <PROJECT>ZFLIGHT_MODEL</PROJECT>
     <NODE_UUID>A0OAcanqHuuHifCn9QPETA==</NODE_UUID>
    </_-IWBEP_-I_SBD_SET>
    <_-IWBEP_-I_SBD_SET>
     <SYLANGU>D</SYLANGU>
     <PROJECT>ZFLIGHT_MODEL</PROJECT>
     <NODE_UUID>nes+7niHHtuv44GtidOpRA==</NODE_UUID>
    </_-IWBEP_-I_SBD_SET>
    <_-IWBEP_-I_SBD_SET>
     <SYLANGU>D</SYLANGU>
     <PROJECT>ZFLIGHT_MODEL</PROJECT>
     <NODE_UUID>89HnShOwHuusuC23+I3LlA==</NODE_UUID>
    </_-IWBEP_-I_SBD_SET>
   </_-IWBEP_-I_SBD_SET>
   <_-IWBEP_-I_SBD_SV>
    <_-IWBEP_-I_SBD_SV>
     <PROJECT>ZFLIGHT_MODEL</PROJECT>
     <NODE_UUID>A0OAcanqHuuHieCZIipERA==</NODE_UUID>
     <TECHNICAL_NAME>ZFLIGHT_MODEL_SRV_02</TECHNICAL_NAME>
     <VERSION>0001</VERSION>
     <DPC>ZCL_ZFLIGHT_MODEL_DPC_EXT</DPC>
     <EXTERNAL_NAME>ZFLIGHT_MODEL_SRV_02</EXTERNAL_NAME>
    </_-IWBEP_-I_SBD_SV>
   </_-IWBEP_-I_SBD_SV>
   <_-IWBEP_-I_SBD_SVT>
    <_-IWBEP_-I_SBD_SVT>
     <SYLANGU>D</SYLANGU>
     <PROJECT>ZFLIGHT_MODEL</PROJECT>
     <NODE_UUID>A0OAcanqHuuHieCZIipERA==</NODE_UUID>
    </_-IWBEP_-I_SBD_SVT>
   </_-IWBEP_-I_SBD_SVT>
   <_-IWBEP_-I_SBO_ES>
    <_-IWBEP_-I_SBO_ES>
     <PROJECT>ZFLIGHT_MODEL</PROJECT>
     <NODE_UUID>A0OAcanqHuuHifCn9QOkTA==</NODE_UUID>
     <MODEL>A0OAcanqHuuHieCZIiokRA==</MODEL>
     <NAME>FlightPlanSet</NAME>
     <ENTITY_TYPE>A0OAcanqHuuHifCn9QGkTA==</ENTITY_TYPE>
     <CREATABLE>X</CREATABLE>
     <UPDATABLE>X</UPDATABLE>
     <ADDRESSABLE>X</ADDRESSABLE>
     <REQUIRES_FILTER>X</REQUIRES_FILTER>
     <REF_TYPE>T</REF_TYPE>
     <TECH_NAME>FLIGHTPLANSET</TECH_NAME>
     <DESCRIPTION_XU>X</DESCRIPTION_XU>
     <IN_SERV_DOCU>X</IN_SERV_DOCU>
    </_-IWBEP_-I_SBO_ES>
    <_-IWBEP_-I_SBO_ES>
     <PROJECT>ZFLIGHT_MODEL</PROJECT>
     <NODE_UUID>nes+7niHHtuv44GtidOJRA==</NODE_UUID>
     <MODEL>A0OAcanqHuuHieCZIiokRA==</MODEL>
     <NAME>AirportValueHelpSet</NAME>
     <ENTITY_TYPE>nes+7niHHtuv44GtidLpRA==</ENTITY_TYPE>
     <ADDRESSABLE>X</ADDRESSABLE>
     <REF_TYPE>T</REF_TYPE>
     <TECH_NAME>AIRPORTVALUEHELPSET</TECH_NAME>
     <CREATABLE_XU>X</CREATABLE_XU>
     <UPDATABLE_XU>X</UPDATABLE_XU>
     <DELETABLE_XU>X</DELETABLE_XU>
     <PAGEABLE_XU>X</PAGEABLE_XU>
     <SEARCHABLE_XU>X</SEARCHABLE_XU>
     <SUBSCRIBABLE_XU>X</SUBSCRIBABLE_XU>
     <REQUIRES_FLT_XU>X</REQUIRES_FLT_XU>
     <SEMANTIC_XU>X</SEMANTIC_XU>
     <LABEL_REF_XU>X</LABEL_REF_XU>
     <DESCRIPTION_XU>X</DESCRIPTION_XU>
     <ESET_LABEL_XU>X</ESET_LABEL_XU>
     <IN_SERV_DOCU>X</IN_SERV_DOCU>
    </_-IWBEP_-I_SBO_ES>
    <_-IWBEP_-I_SBO_ES>
     <PROJECT>ZFLIGHT_MODEL</PROJECT>
     <NODE_UUID>89HnShOwHuusuC23+I2rlA==</NODE_UUID>
     <MODEL>A0OAcanqHuuHieCZIiokRA==</MODEL>
     <NAME>FlightPlanSyncSet</NAME>
     <ENTITY_TYPE>89HnShOwHuusuC23+IurlA==</ENTITY_TYPE>
     <ADDRESSABLE>X</ADDRESSABLE>
     <REF_TYPE>T</REF_TYPE>
     <TECH_NAME>FLIGHTPLANSYNCSET</TECH_NAME>
     <CREATABLE_XU>X</CREATABLE_XU>
     <UPDATABLE_XU>X</UPDATABLE_XU>
     <DELETABLE_XU>X</DELETABLE_XU>
     <PAGEABLE_XU>X</PAGEABLE_XU>
     <SEARCHABLE_XU>X</SEARCHABLE_XU>
     <SUBSCRIBABLE_XU>X</SUBSCRIBABLE_XU>
     <REQUIRES_FLT_XU>X</REQUIRES_FLT_XU>
     <SEMANTIC_XU>X</SEMANTIC_XU>
     <LABEL_REF_XU>X</LABEL_REF_XU>
     <DESCRIPTION_XU>X</DESCRIPTION_XU>
     <ESET_LABEL_XU>X</ESET_LABEL_XU>
     <IN_SERV_DOCU>X</IN_SERV_DOCU>
    </_-IWBEP_-I_SBO_ES>
   </_-IWBEP_-I_SBO_ES>
   <_-IWBEP_-I_SBO_EST>
    <_-IWBEP_-I_SBO_EST>
     <SYLANGU>D</SYLANGU>
     <PROJECT>ZFLIGHT_MODEL</PROJECT>
     <NODE_UUID>A0OAcanqHuuHifCn9QOkTA==</NODE_UUID>
    </_-IWBEP_-I_SBO_EST>
    <_-IWBEP_-I_SBO_EST>
     <SYLANGU>D</SYLANGU>
     <PROJECT>ZFLIGHT_MODEL</PROJECT>
     <NODE_UUID>nes+7niHHtuv44GtidOJRA==</NODE_UUID>
    </_-IWBEP_-I_SBO_EST>
    <_-IWBEP_-I_SBO_EST>
     <SYLANGU>D</SYLANGU>
     <PROJECT>ZFLIGHT_MODEL</PROJECT>
     <NODE_UUID>89HnShOwHuusuC23+I2rlA==</NODE_UUID>
    </_-IWBEP_-I_SBO_EST>
   </_-IWBEP_-I_SBO_EST>
   <_-IWBEP_-I_SBO_ET>
    <_-IWBEP_-I_SBO_ET>
     <PROJECT>ZFLIGHT_MODEL</PROJECT>
     <NODE_UUID>A0OAcanqHuuHifCn9QGkTA==</NODE_UUID>
     <NAME>FlightPlan</NAME>
     <MODEL>A0OAcanqHuuHieCZIiokRA==</MODEL>
     <REF_TYPE>T</REF_TYPE>
     <ABAP_STRUCT>SPFLI</ABAP_STRUCT>
     <TECH_NAME>FLIGHTPLAN</TECH_NAME>
     <BASE_TYPE_XU>X</BASE_TYPE_XU>
     <FC_TARGET_PATHXU>X</FC_TARGET_PATHXU>
     <TXTR_XU>X</TXTR_XU>
     <DESCRIPTION_XU>X</DESCRIPTION_XU>
     <ET_LABEL_XU>X</ET_LABEL_XU>
    </_-IWBEP_-I_SBO_ET>
    <_-IWBEP_-I_SBO_ET>
     <PROJECT>ZFLIGHT_MODEL</PROJECT>
     <NODE_UUID>nes+7niHHtuv44GtidLpRA==</NODE_UUID>
     <NAME>AirportValueHelp</NAME>
     <MODEL>A0OAcanqHuuHieCZIiokRA==</MODEL>
     <REF_TYPE>T</REF_TYPE>
     <TECH_NAME>AIRPORTVALUEHELP</TECH_NAME>
     <BASE_TYPE_XU>X</BASE_TYPE_XU>
     <FC_TARGET_PATHXU>X</FC_TARGET_PATHXU>
     <TXTR_XU>X</TXTR_XU>
     <ABAP_STRUCT_XU>X</ABAP_STRUCT_XU>
     <DESCRIPTION_XU>X</DESCRIPTION_XU>
     <ET_LABEL_XU>X</ET_LABEL_XU>
    </_-IWBEP_-I_SBO_ET>
    <_-IWBEP_-I_SBO_ET>
     <PROJECT>ZFLIGHT_MODEL</PROJECT>
     <NODE_UUID>89HnShOwHuusuC23+IurlA==</NODE_UUID>
     <NAME>FlightPlanSync</NAME>
     <MODEL>A0OAcanqHuuHieCZIiokRA==</MODEL>
     <REF_TYPE>T</REF_TYPE>
     <ABAP_STRUCT>ZSPFLIV</ABAP_STRUCT>
     <TECH_NAME>FLIGHTPLANSYNC</TECH_NAME>
     <BASE_TYPE_XU>X</BASE_TYPE_XU>
     <FC_TARGET_PATHXU>X</FC_TARGET_PATHXU>
     <TXTR_XU>X</TXTR_XU>
     <DESCRIPTION_XU>X</DESCRIPTION_XU>
     <ET_LABEL_XU>X</ET_LABEL_XU>
    </_-IWBEP_-I_SBO_ET>
   </_-IWBEP_-I_SBO_ET>
   <_-IWBEP_-I_SBO_ETT>
    <_-IWBEP_-I_SBO_ETT>
     <SYLANGU>D</SYLANGU>
     <PROJECT>ZFLIGHT_MODEL</PROJECT>
     <NODE_UUID>A0OAcanqHuuHifCn9QGkTA==</NODE_UUID>
    </_-IWBEP_-I_SBO_ETT>
    <_-IWBEP_-I_SBO_ETT>
     <SYLANGU>D</SYLANGU>
     <PROJECT>ZFLIGHT_MODEL</PROJECT>
     <NODE_UUID>nes+7niHHtuv44GtidLpRA==</NODE_UUID>
    </_-IWBEP_-I_SBO_ETT>
    <_-IWBEP_-I_SBO_ETT>
     <SYLANGU>D</SYLANGU>
     <PROJECT>ZFLIGHT_MODEL</PROJECT>
     <NODE_UUID>89HnShOwHuusuC23+IurlA==</NODE_UUID>
    </_-IWBEP_-I_SBO_ETT>
   </_-IWBEP_-I_SBO_ETT>
   <_-IWBEP_-I_SBO_PR>
    <_-IWBEP_-I_SBO_PR>
     <PROJECT>ZFLIGHT_MODEL</PROJECT>
     <NODE_UUID>A0OAcanqHuuHifCn9QHETA==</NODE_UUID>
     <PARENT_UUID>A0OAcanqHuuHifCn9QGkTA==</PARENT_UUID>
     <NAME>CarrierId</NAME>
     <IS_KEY>X</IS_KEY>
     <MAX_LENGTH>3</MAX_LENGTH>
     <EDM_CORE_TYPE>Edm.String</EDM_CORE_TYPE>
     <REF_TYPE>T</REF_TYPE>
     <ABAP_FIELD>CARRID</ABAP_FIELD>
     <ABTY_XU>X</ABTY_XU>
     <SORT_ORDER>1</SORT_ORDER>
     <DESCRIPTION_XU>X</DESCRIPTION_XU>
    </_-IWBEP_-I_SBO_PR>
    <_-IWBEP_-I_SBO_PR>
     <PROJECT>ZFLIGHT_MODEL</PROJECT>
     <NODE_UUID>A0OAcanqHuuHifCn9QHkTA==</NODE_UUID>
     <PARENT_UUID>A0OAcanqHuuHifCn9QGkTA==</PARENT_UUID>
     <NAME>ConnectionId</NAME>
     <IS_KEY>X</IS_KEY>
     <MAX_LENGTH>4</MAX_LENGTH>
     <EDM_CORE_TYPE>Edm.String</EDM_CORE_TYPE>
     <REF_TYPE>T</REF_TYPE>
     <ABAP_FIELD>CONNID</ABAP_FIELD>
     <ABTY_XU>X</ABTY_XU>
     <SORT_ORDER>2</SORT_ORDER>
     <DESCRIPTION_XU>X</DESCRIPTION_XU>
    </_-IWBEP_-I_SBO_PR>
    <_-IWBEP_-I_SBO_PR>
     <PROJECT>ZFLIGHT_MODEL</PROJECT>
     <NODE_UUID>A0OAcanqHuuHifCn9QIETA==</NODE_UUID>
     <PARENT_UUID>A0OAcanqHuuHifCn9QGkTA==</PARENT_UUID>
     <NAME>DepartureCountry</NAME>
     <CREATABLE>X</CREATABLE>
     <MAX_LENGTH>3</MAX_LENGTH>
     <EDM_CORE_TYPE>Edm.String</EDM_CORE_TYPE>
     <UPDATABLE>X</UPDATABLE>
     <REF_TYPE>T</REF_TYPE>
     <ABAP_FIELD>COUNTRYFR</ABAP_FIELD>
     <ABTY_XU>X</ABTY_XU>
     <SORT_ORDER>3</SORT_ORDER>
     <DESCRIPTION_XU>X</DESCRIPTION_XU>
    </_-IWBEP_-I_SBO_PR>
    <_-IWBEP_-I_SBO_PR>
     <PROJECT>ZFLIGHT_MODEL</PROJECT>
     <NODE_UUID>A0OAcanqHuuHifCn9QIkTA==</NODE_UUID>
     <PARENT_UUID>A0OAcanqHuuHifCn9QGkTA==</PARENT_UUID>
     <NAME>DepartureCity</NAME>
     <CREATABLE>X</CREATABLE>
     <MAX_LENGTH>20</MAX_LENGTH>
     <EDM_CORE_TYPE>Edm.String</EDM_CORE_TYPE>
     <UPDATABLE>X</UPDATABLE>
     <REF_TYPE>T</REF_TYPE>
     <ABAP_FIELD>CITYFROM</ABAP_FIELD>
     <ABTY_XU>X</ABTY_XU>
     <SORT_ORDER>4</SORT_ORDER>
     <DESCRIPTION_XU>X</DESCRIPTION_XU>
    </_-IWBEP_-I_SBO_PR>
    <_-IWBEP_-I_SBO_PR>
     <PROJECT>ZFLIGHT_MODEL</PROJECT>
     <NODE_UUID>A0OAcanqHuuHifCn9QJETA==</NODE_UUID>
     <PARENT_UUID>A0OAcanqHuuHifCn9QGkTA==</PARENT_UUID>
     <NAME>DepartureAirport</NAME>
     <FILTERABLE>X</FILTERABLE>
     <MAX_LENGTH>3</MAX_LENGTH>
     <EDM_CORE_TYPE>Edm.String</EDM_CORE_TYPE>
     <REF_TYPE>T</REF_TYPE>
     <ABAP_FIELD>AIRPFROM</ABAP_FIELD>
     <ABTY_XU>X</ABTY_XU>
     <SORT_ORDER>5</SORT_ORDER>
     <DESCRIPTION_XU>X</DESCRIPTION_XU>
    </_-IWBEP_-I_SBO_PR>
    <_-IWBEP_-I_SBO_PR>
     <PROJECT>ZFLIGHT_MODEL</PROJECT>
     <NODE_UUID>A0OAcanqHuuHifCn9QJkTA==</NODE_UUID>
     <PARENT_UUID>A0OAcanqHuuHifCn9QGkTA==</PARENT_UUID>
     <NAME>DestinationCountry</NAME>
     <MAX_LENGTH>3</MAX_LENGTH>
     <EDM_CORE_TYPE>Edm.String</EDM_CORE_TYPE>
     <REF_TYPE>T</REF_TYPE>
     <ABAP_FIELD>COUNTRYTO</ABAP_FIELD>
     <AS_ETAG_XU>X</AS_ETAG_XU>
     <REQUIREFILTER_XU>X</REQUIREFILTER_XU>
     <UNIT_PROP_XU>X</UNIT_PROP_XU>
     <ABTY_XU>X</ABTY_XU>
     <SORT_ORDER>6</SORT_ORDER>
     <DESCRIPTION_XU>X</DESCRIPTION_XU>
    </_-IWBEP_-I_SBO_PR>
    <_-IWBEP_-I_SBO_PR>
     <PROJECT>ZFLIGHT_MODEL</PROJECT>
     <NODE_UUID>A0OAcanqHuuHifCn9QKETA==</NODE_UUID>
     <PARENT_UUID>A0OAcanqHuuHifCn9QGkTA==</PARENT_UUID>
     <NAME>DestinationCity</NAME>
     <MAX_LENGTH>20</MAX_LENGTH>
     <EDM_CORE_TYPE>Edm.String</EDM_CORE_TYPE>
     <REF_TYPE>T</REF_TYPE>
     <ABAP_FIELD>CITYTO</ABAP_FIELD>
     <AS_ETAG_XU>X</AS_ETAG_XU>
     <REQUIREFILTER_XU>X</REQUIREFILTER_XU>
     <UNIT_PROP_XU>X</UNIT_PROP_XU>
     <ABTY_XU>X</ABTY_XU>
     <SORT_ORDER>7</SORT_ORDER>
     <DESCRIPTION_XU>X</DESCRIPTION_XU>
    </_-IWBEP_-I_SBO_PR>
    <_-IWBEP_-I_SBO_PR>
     <PROJECT>ZFLIGHT_MODEL</PROJECT>
     <NODE_UUID>A0OAcanqHuuHifCn9QKkTA==</NODE_UUID>
     <PARENT_UUID>A0OAcanqHuuHifCn9QGkTA==</PARENT_UUID>
     <NAME>DestinationAirport</NAME>
     <MAX_LENGTH>3</MAX_LENGTH>
     <EDM_CORE_TYPE>Edm.String</EDM_CORE_TYPE>
     <REF_TYPE>T</REF_TYPE>
     <ABAP_FIELD>AIRPTO</ABAP_FIELD>
     <AS_ETAG_XU>X</AS_ETAG_XU>
     <REQUIREFILTER_XU>X</REQUIREFILTER_XU>
     <UNIT_PROP_XU>X</UNIT_PROP_XU>
     <ABTY_XU>X</ABTY_XU>
     <SORT_ORDER>8</SORT_ORDER>
     <DESCRIPTION_XU>X</DESCRIPTION_XU>
    </_-IWBEP_-I_SBO_PR>
    <_-IWBEP_-I_SBO_PR>
     <PROJECT>ZFLIGHT_MODEL</PROJECT>
     <NODE_UUID>A0OAcanqHuuHifCn9QLETA==</NODE_UUID>
     <PARENT_UUID>A0OAcanqHuuHifCn9QGkTA==</PARENT_UUID>
     <NAME>FlightTimeInMinutes</NAME>
     <EDM_CORE_TYPE>Edm.Int32</EDM_CORE_TYPE>
     <REF_TYPE>T</REF_TYPE>
     <ABAP_FIELD>FLTIME</ABAP_FIELD>
     <ABTY_XU>X</ABTY_XU>
     <SORT_ORDER>9</SORT_ORDER>
     <DESCRIPTION_XU>X</DESCRIPTION_XU>
    </_-IWBEP_-I_SBO_PR>
    <_-IWBEP_-I_SBO_PR>
     <PROJECT>ZFLIGHT_MODEL</PROJECT>
     <NODE_UUID>A0OAcanqHuuHifCn9QLkTA==</NODE_UUID>
     <PARENT_UUID>A0OAcanqHuuHifCn9QGkTA==</PARENT_UUID>
     <NAME>DepartureTime</NAME>
     <EDM_CORE_TYPE>Edm.Time</EDM_CORE_TYPE>
     <REF_TYPE>T</REF_TYPE>
     <ABAP_FIELD>DEPTIME</ABAP_FIELD>
     <AS_ETAG_XU>X</AS_ETAG_XU>
     <REQUIREFILTER_XU>X</REQUIREFILTER_XU>
     <UNIT_PROP_XU>X</UNIT_PROP_XU>
     <ABTY_XU>X</ABTY_XU>
     <SORT_ORDER>10</SORT_ORDER>
     <DESCRIPTION_XU>X</DESCRIPTION_XU>
    </_-IWBEP_-I_SBO_PR>
    <_-IWBEP_-I_SBO_PR>
     <PROJECT>ZFLIGHT_MODEL</PROJECT>
     <NODE_UUID>A0OAcanqHuuHifCn9QMETA==</NODE_UUID>
     <PARENT_UUID>A0OAcanqHuuHifCn9QGkTA==</PARENT_UUID>
     <NAME>ArrivalTime</NAME>
     <EDM_CORE_TYPE>Edm.Time</EDM_CORE_TYPE>
     <REF_TYPE>T</REF_TYPE>
     <ABAP_FIELD>ARRTIME</ABAP_FIELD>
     <AS_ETAG_XU>X</AS_ETAG_XU>
     <REQUIREFILTER_XU>X</REQUIREFILTER_XU>
     <UNIT_PROP_XU>X</UNIT_PROP_XU>
     <ABTY_XU>X</ABTY_XU>
     <SORT_ORDER>11</SORT_ORDER>
     <DESCRIPTION_XU>X</DESCRIPTION_XU>
    </_-IWBEP_-I_SBO_PR>
    <_-IWBEP_-I_SBO_PR>
     <PROJECT>ZFLIGHT_MODEL</PROJECT>
     <NODE_UUID>A0OAcanqHuuHifCn9QMkTA==</NODE_UUID>
     <PARENT_UUID>A0OAcanqHuuHifCn9QGkTA==</PARENT_UUID>
     <NAME>Distance</NAME>
     <PROP_PRECISION>9</PROP_PRECISION>
     <SCALE>4</SCALE>
     <EDM_CORE_TYPE>Edm.Decimal</EDM_CORE_TYPE>
     <REF_TYPE>T</REF_TYPE>
     <ABAP_FIELD>DISTANCE</ABAP_FIELD>
     <AS_ETAG_XU>X</AS_ETAG_XU>
     <REQUIREFILTER_XU>X</REQUIREFILTER_XU>
     <UNIT_PROP_XU>X</UNIT_PROP_XU>
     <ABTY_XU>X</ABTY_XU>
     <SORT_ORDER>12</SORT_ORDER>
     <DESCRIPTION_XU>X</DESCRIPTION_XU>
    </_-IWBEP_-I_SBO_PR>
    <_-IWBEP_-I_SBO_PR>
     <PROJECT>ZFLIGHT_MODEL</PROJECT>
     <NODE_UUID>A0OAcanqHuuHifCn9QNETA==</NODE_UUID>
     <PARENT_UUID>A0OAcanqHuuHifCn9QGkTA==</PARENT_UUID>
     <NAME>DistanceUnit</NAME>
     <MAX_LENGTH>3</MAX_LENGTH>
     <EDM_CORE_TYPE>Edm.String</EDM_CORE_TYPE>
     <REF_TYPE>T</REF_TYPE>
     <ABAP_FIELD>DISTID</ABAP_FIELD>
     <AS_ETAG_XU>X</AS_ETAG_XU>
     <REQUIREFILTER_XU>X</REQUIREFILTER_XU>
     <UNIT_PROP_XU>X</UNIT_PROP_XU>
     <ABTY_XU>X</ABTY_XU>
     <SORT_ORDER>13</SORT_ORDER>
     <DESCRIPTION_XU>X</DESCRIPTION_XU>
    </_-IWBEP_-I_SBO_PR>
    <_-IWBEP_-I_SBO_PR>
     <PROJECT>ZFLIGHT_MODEL</PROJECT>
     <NODE_UUID>A0OAcanqHuuHifCn9QNkTA==</NODE_UUID>
     <PARENT_UUID>A0OAcanqHuuHifCn9QGkTA==</PARENT_UUID>
     <NAME>FlightType</NAME>
     <MAX_LENGTH>1</MAX_LENGTH>
     <EDM_CORE_TYPE>Edm.String</EDM_CORE_TYPE>
     <REF_TYPE>T</REF_TYPE>
     <ABAP_FIELD>FLTYPE</ABAP_FIELD>
     <AS_ETAG_XU>X</AS_ETAG_XU>
     <REQUIREFILTER_XU>X</REQUIREFILTER_XU>
     <UNIT_PROP_XU>X</UNIT_PROP_XU>
     <ABTY_XU>X</ABTY_XU>
     <SORT_ORDER>14</SORT_ORDER>
     <DESCRIPTION_XU>X</DESCRIPTION_XU>
    </_-IWBEP_-I_SBO_PR>
    <_-IWBEP_-I_SBO_PR>
     <PROJECT>ZFLIGHT_MODEL</PROJECT>
     <NODE_UUID>A0OAcanqHuuHifCn9QOETA==</NODE_UUID>
     <PARENT_UUID>A0OAcanqHuuHifCn9QGkTA==</PARENT_UUID>
     <NAME>ArrivalDaysLater</NAME>
     <EDM_CORE_TYPE>Edm.Byte</EDM_CORE_TYPE>
     <REF_TYPE>T</REF_TYPE>
     <ABAP_FIELD>PERIOD</ABAP_FIELD>
     <AS_ETAG_XU>X</AS_ETAG_XU>
     <REQUIREFILTER_XU>X</REQUIREFILTER_XU>
     <UNIT_PROP_XU>X</UNIT_PROP_XU>
     <ABTY_XU>X</ABTY_XU>
     <SORT_ORDER>15</SORT_ORDER>
     <DESCRIPTION_XU>X</DESCRIPTION_XU>
    </_-IWBEP_-I_SBO_PR>
    <_-IWBEP_-I_SBO_PR>
     <PROJECT>ZFLIGHT_MODEL</PROJECT>
     <NODE_UUID>nes+7niHHtuv44GtidMJRA==</NODE_UUID>
     <PARENT_UUID>nes+7niHHtuv44GtidLpRA==</PARENT_UUID>
     <NAME>City</NAME>
     <MAX_LENGTH>20</MAX_LENGTH>
     <EDM_CORE_TYPE>Edm.String</EDM_CORE_TYPE>
     <REF_TYPE>T</REF_TYPE>
     <ABAP_FIELD>CITY</ABAP_FIELD>
     <TYPE_NAME>S_CITY</TYPE_NAME>
     <TYPE_KIND>C</TYPE_KIND>
     <LENGTH>20</LENGTH>
     <AS_ETAG_XU>X</AS_ETAG_XU>
     <REQUIREFILTER_XU>X</REQUIREFILTER_XU>
     <UNIT_PROP_XU>X</UNIT_PROP_XU>
     <SORT_ORDER>1</SORT_ORDER>
     <DESCRIPTION_XU>X</DESCRIPTION_XU>
    </_-IWBEP_-I_SBO_PR>
    <_-IWBEP_-I_SBO_PR>
     <PROJECT>ZFLIGHT_MODEL</PROJECT>
     <NODE_UUID>nes+7niHHtuv44GtidMpRA==</NODE_UUID>
     <PARENT_UUID>nes+7niHHtuv44GtidLpRA==</PARENT_UUID>
     <NAME>Country</NAME>
     <MAX_LENGTH>3</MAX_LENGTH>
     <EDM_CORE_TYPE>Edm.String</EDM_CORE_TYPE>
     <REF_TYPE>T</REF_TYPE>
     <ABAP_FIELD>COUNTRY</ABAP_FIELD>
     <TYPE_NAME>LAND1</TYPE_NAME>
     <TYPE_KIND>C</TYPE_KIND>
     <LENGTH>3</LENGTH>
     <AS_ETAG_XU>X</AS_ETAG_XU>
     <REQUIREFILTER_XU>X</REQUIREFILTER_XU>
     <UNIT_PROP_XU>X</UNIT_PROP_XU>
     <SORT_ORDER>2</SORT_ORDER>
     <DESCRIPTION_XU>X</DESCRIPTION_XU>
    </_-IWBEP_-I_SBO_PR>
    <_-IWBEP_-I_SBO_PR>
     <PROJECT>ZFLIGHT_MODEL</PROJECT>
     <NODE_UUID>nes+7niHHtuv44GtidNJRA==</NODE_UUID>
     <PARENT_UUID>nes+7niHHtuv44GtidLpRA==</PARENT_UUID>
     <NAME>Airport</NAME>
     <IS_KEY>X</IS_KEY>
     <MAX_LENGTH>3</MAX_LENGTH>
     <EDM_CORE_TYPE>Edm.String</EDM_CORE_TYPE>
     <REF_TYPE>T</REF_TYPE>
     <ABAP_FIELD>AIRPORT</ABAP_FIELD>
     <TYPE_NAME>S_AIRPORT</TYPE_NAME>
     <TYPE_KIND>C</TYPE_KIND>
     <LENGTH>3</LENGTH>
     <AS_ETAG_XU>X</AS_ETAG_XU>
     <REQUIREFILTER_XU>X</REQUIREFILTER_XU>
     <UNIT_PROP_XU>X</UNIT_PROP_XU>
     <SORT_ORDER>3</SORT_ORDER>
     <DESCRIPTION_XU>X</DESCRIPTION_XU>
    </_-IWBEP_-I_SBO_PR>
    <_-IWBEP_-I_SBO_PR>
     <PROJECT>ZFLIGHT_MODEL</PROJECT>
     <NODE_UUID>nes+7niHHtuv44GtidNpRA==</NODE_UUID>
     <PARENT_UUID>nes+7niHHtuv44GtidLpRA==</PARENT_UUID>
     <NAME>DepartureAirport</NAME>
     <MAX_LENGTH>3</MAX_LENGTH>
     <EDM_CORE_TYPE>Edm.String</EDM_CORE_TYPE>
     <REF_TYPE>T</REF_TYPE>
     <ABAP_FIELD>AIRPFROM</ABAP_FIELD>
     <TYPE_NAME>S_FROMAIRP</TYPE_NAME>
     <TYPE_KIND>C</TYPE_KIND>
     <LENGTH>3</LENGTH>
     <AS_ETAG_XU>X</AS_ETAG_XU>
     <REQUIREFILTER_XU>X</REQUIREFILTER_XU>
     <UNIT_PROP_XU>X</UNIT_PROP_XU>
     <SORT_ORDER>4</SORT_ORDER>
     <DESCRIPTION_XU>X</DESCRIPTION_XU>
    </_-IWBEP_-I_SBO_PR>
    <_-IWBEP_-I_SBO_PR>
     <PROJECT>ZFLIGHT_MODEL</PROJECT>
     <NODE_UUID>89HnShOwHuusuC23+IvLlA==</NODE_UUID>
     <PARENT_UUID>89HnShOwHuusuC23+IurlA==</PARENT_UUID>
     <NAME>CarrierId</NAME>
     <IS_KEY>X</IS_KEY>
     <MAX_LENGTH>3</MAX_LENGTH>
     <EDM_CORE_TYPE>Edm.String</EDM_CORE_TYPE>
     <REF_TYPE>T</REF_TYPE>
     <ABAP_FIELD>CARRID</ABAP_FIELD>
     <ABTY_XU>X</ABTY_XU>
     <SORT_ORDER>1</SORT_ORDER>
     <DESCRIPTION_XU>X</DESCRIPTION_XU>
    </_-IWBEP_-I_SBO_PR>
    <_-IWBEP_-I_SBO_PR>
     <PROJECT>ZFLIGHT_MODEL</PROJECT>
     <NODE_UUID>89HnShOwHuusuC23+IvrlA==</NODE_UUID>
     <PARENT_UUID>89HnShOwHuusuC23+IurlA==</PARENT_UUID>
     <NAME>ConnectionId</NAME>
     <IS_KEY>X</IS_KEY>
     <MAX_LENGTH>4</MAX_LENGTH>
     <EDM_CORE_TYPE>Edm.String</EDM_CORE_TYPE>
     <REF_TYPE>T</REF_TYPE>
     <ABAP_FIELD>CONNID</ABAP_FIELD>
     <ABTY_XU>X</ABTY_XU>
     <SORT_ORDER>2</SORT_ORDER>
     <DESCRIPTION_XU>X</DESCRIPTION_XU>
    </_-IWBEP_-I_SBO_PR>
    <_-IWBEP_-I_SBO_PR>
     <PROJECT>ZFLIGHT_MODEL</PROJECT>
     <NODE_UUID>89HnShOwHuusuC23+IwLlA==</NODE_UUID>
     <PARENT_UUID>89HnShOwHuusuC23+IurlA==</PARENT_UUID>
     <NAME>DepartureCountry</NAME>
     <MAX_LENGTH>3</MAX_LENGTH>
     <EDM_CORE_TYPE>Edm.String</EDM_CORE_TYPE>
     <REF_TYPE>T</REF_TYPE>
     <ABAP_FIELD>COUNTRYFR</ABAP_FIELD>
     <AS_ETAG_XU>X</AS_ETAG_XU>
     <REQUIREFILTER_XU>X</REQUIREFILTER_XU>
     <UNIT_PROP_XU>X</UNIT_PROP_XU>
     <ABTY_XU>X</ABTY_XU>
     <SORT_ORDER>4</SORT_ORDER>
     <DESCRIPTION_XU>X</DESCRIPTION_XU>
    </_-IWBEP_-I_SBO_PR>
    <_-IWBEP_-I_SBO_PR>
     <PROJECT>ZFLIGHT_MODEL</PROJECT>
     <NODE_UUID>89HnShOwHuusuC23+IwrlA==</NODE_UUID>
     <PARENT_UUID>89HnShOwHuusuC23+IurlA==</PARENT_UUID>
     <NAME>DepartureCity</NAME>
     <MAX_LENGTH>20</MAX_LENGTH>
     <EDM_CORE_TYPE>Edm.String</EDM_CORE_TYPE>
     <REF_TYPE>T</REF_TYPE>
     <ABAP_FIELD>CITYFROM</ABAP_FIELD>
     <AS_ETAG_XU>X</AS_ETAG_XU>
     <REQUIREFILTER_XU>X</REQUIREFILTER_XU>
     <UNIT_PROP_XU>X</UNIT_PROP_XU>
     <ABTY_XU>X</ABTY_XU>
     <SORT_ORDER>5</SORT_ORDER>
     <DESCRIPTION_XU>X</DESCRIPTION_XU>
    </_-IWBEP_-I_SBO_PR>
    <_-IWBEP_-I_SBO_PR>
     <PROJECT>ZFLIGHT_MODEL</PROJECT>
     <NODE_UUID>89HnShOwHuusuC23+IxLlA==</NODE_UUID>
     <PARENT_UUID>89HnShOwHuusuC23+IurlA==</PARENT_UUID>
     <NAME>DestinationCountry</NAME>
     <MAX_LENGTH>3</MAX_LENGTH>
     <EDM_CORE_TYPE>Edm.String</EDM_CORE_TYPE>
     <REF_TYPE>T</REF_TYPE>
     <ABAP_FIELD>COUNTRYTO</ABAP_FIELD>
     <AS_ETAG_XU>X</AS_ETAG_XU>
     <REQUIREFILTER_XU>X</REQUIREFILTER_XU>
     <UNIT_PROP_XU>X</UNIT_PROP_XU>
     <ABTY_XU>X</ABTY_XU>
     <SORT_ORDER>6</SORT_ORDER>
     <DESCRIPTION_XU>X</DESCRIPTION_XU>
    </_-IWBEP_-I_SBO_PR>
    <_-IWBEP_-I_SBO_PR>
     <PROJECT>ZFLIGHT_MODEL</PROJECT>
     <NODE_UUID>89HnShOwHuusuC23+IxrlA==</NODE_UUID>
     <PARENT_UUID>89HnShOwHuusuC23+IurlA==</PARENT_UUID>
     <NAME>DestinationCity</NAME>
     <MAX_LENGTH>20</MAX_LENGTH>
     <EDM_CORE_TYPE>Edm.String</EDM_CORE_TYPE>
     <REF_TYPE>T</REF_TYPE>
     <ABAP_FIELD>CITYTO</ABAP_FIELD>
     <AS_ETAG_XU>X</AS_ETAG_XU>
     <REQUIREFILTER_XU>X</REQUIREFILTER_XU>
     <UNIT_PROP_XU>X</UNIT_PROP_XU>
     <ABTY_XU>X</ABTY_XU>
     <SORT_ORDER>7</SORT_ORDER>
     <DESCRIPTION_XU>X</DESCRIPTION_XU>
    </_-IWBEP_-I_SBO_PR>
    <_-IWBEP_-I_SBO_PR>
     <PROJECT>ZFLIGHT_MODEL</PROJECT>
     <NODE_UUID>89HnShOwHuusuC23+IyLlA==</NODE_UUID>
     <PARENT_UUID>89HnShOwHuusuC23+IurlA==</PARENT_UUID>
     <NAME>DestinationAirport</NAME>
     <MAX_LENGTH>3</MAX_LENGTH>
     <EDM_CORE_TYPE>Edm.String</EDM_CORE_TYPE>
     <REF_TYPE>T</REF_TYPE>
     <ABAP_FIELD>AIRPTO</ABAP_FIELD>
     <AS_ETAG_XU>X</AS_ETAG_XU>
     <REQUIREFILTER_XU>X</REQUIREFILTER_XU>
     <UNIT_PROP_XU>X</UNIT_PROP_XU>
     <ABTY_XU>X</ABTY_XU>
     <SORT_ORDER>8</SORT_ORDER>
     <DESCRIPTION_XU>X</DESCRIPTION_XU>
    </_-IWBEP_-I_SBO_PR>
    <_-IWBEP_-I_SBO_PR>
     <PROJECT>ZFLIGHT_MODEL</PROJECT>
     <NODE_UUID>89HnShOwHuusuC23+IyrlA==</NODE_UUID>
     <PARENT_UUID>89HnShOwHuusuC23+IurlA==</PARENT_UUID>
     <NAME>FlightTimeInMinutes</NAME>
     <EDM_CORE_TYPE>Edm.Int32</EDM_CORE_TYPE>
     <REF_TYPE>T</REF_TYPE>
     <ABAP_FIELD>FLTIME</ABAP_FIELD>
     <ABTY_XU>X</ABTY_XU>
     <SORT_ORDER>9</SORT_ORDER>
     <DESCRIPTION_XU>X</DESCRIPTION_XU>
    </_-IWBEP_-I_SBO_PR>
    <_-IWBEP_-I_SBO_PR>
     <PROJECT>ZFLIGHT_MODEL</PROJECT>
     <NODE_UUID>89HnShOwHuusuC23+IzLlA==</NODE_UUID>
     <PARENT_UUID>89HnShOwHuusuC23+IurlA==</PARENT_UUID>
     <NAME>DepartureTime</NAME>
     <EDM_CORE_TYPE>Edm.Time</EDM_CORE_TYPE>
     <REF_TYPE>T</REF_TYPE>
     <ABAP_FIELD>DEPTIME</ABAP_FIELD>
     <AS_ETAG_XU>X</AS_ETAG_XU>
     <REQUIREFILTER_XU>X</REQUIREFILTER_XU>
     <UNIT_PROP_XU>X</UNIT_PROP_XU>
     <ABTY_XU>X</ABTY_XU>
     <SORT_ORDER>10</SORT_ORDER>
     <DESCRIPTION_XU>X</DESCRIPTION_XU>
    </_-IWBEP_-I_SBO_PR>
    <_-IWBEP_-I_SBO_PR>
     <PROJECT>ZFLIGHT_MODEL</PROJECT>
     <NODE_UUID>89HnShOwHuusuC23+IzrlA==</NODE_UUID>
     <PARENT_UUID>89HnShOwHuusuC23+IurlA==</PARENT_UUID>
     <NAME>ArrivalTime</NAME>
     <EDM_CORE_TYPE>Edm.Time</EDM_CORE_TYPE>
     <REF_TYPE>T</REF_TYPE>
     <ABAP_FIELD>ARRTIME</ABAP_FIELD>
     <AS_ETAG_XU>X</AS_ETAG_XU>
     <REQUIREFILTER_XU>X</REQUIREFILTER_XU>
     <UNIT_PROP_XU>X</UNIT_PROP_XU>
     <ABTY_XU>X</ABTY_XU>
     <SORT_ORDER>11</SORT_ORDER>
     <DESCRIPTION_XU>X</DESCRIPTION_XU>
    </_-IWBEP_-I_SBO_PR>
    <_-IWBEP_-I_SBO_PR>
     <PROJECT>ZFLIGHT_MODEL</PROJECT>
     <NODE_UUID>89HnShOwHuusuC23+I0LlA==</NODE_UUID>
     <PARENT_UUID>89HnShOwHuusuC23+IurlA==</PARENT_UUID>
     <NAME>Distance</NAME>
     <PROP_PRECISION>9</PROP_PRECISION>
     <SCALE>4</SCALE>
     <EDM_CORE_TYPE>Edm.Decimal</EDM_CORE_TYPE>
     <REF_TYPE>T</REF_TYPE>
     <ABAP_FIELD>DISTANCE</ABAP_FIELD>
     <AS_ETAG_XU>X</AS_ETAG_XU>
     <REQUIREFILTER_XU>X</REQUIREFILTER_XU>
     <UNIT_PROP_XU>X</UNIT_PROP_XU>
     <ABTY_XU>X</ABTY_XU>
     <SORT_ORDER>12</SORT_ORDER>
     <DESCRIPTION_XU>X</DESCRIPTION_XU>
    </_-IWBEP_-I_SBO_PR>
    <_-IWBEP_-I_SBO_PR>
     <PROJECT>ZFLIGHT_MODEL</PROJECT>
     <NODE_UUID>89HnShOwHuusuC23+I0rlA==</NODE_UUID>
     <PARENT_UUID>89HnShOwHuusuC23+IurlA==</PARENT_UUID>
     <NAME>DistanceUnit</NAME>
     <MAX_LENGTH>3</MAX_LENGTH>
     <EDM_CORE_TYPE>Edm.String</EDM_CORE_TYPE>
     <REF_TYPE>T</REF_TYPE>
     <ABAP_FIELD>DISTID</ABAP_FIELD>
     <AS_ETAG_XU>X</AS_ETAG_XU>
     <REQUIREFILTER_XU>X</REQUIREFILTER_XU>
     <UNIT_PROP_XU>X</UNIT_PROP_XU>
     <ABTY_XU>X</ABTY_XU>
     <SORT_ORDER>13</SORT_ORDER>
     <DESCRIPTION_XU>X</DESCRIPTION_XU>
    </_-IWBEP_-I_SBO_PR>
    <_-IWBEP_-I_SBO_PR>
     <PROJECT>ZFLIGHT_MODEL</PROJECT>
     <NODE_UUID>89HnShOwHuusuC23+I1LlA==</NODE_UUID>
     <PARENT_UUID>89HnShOwHuusuC23+IurlA==</PARENT_UUID>
     <NAME>FlightType</NAME>
     <MAX_LENGTH>1</MAX_LENGTH>
     <EDM_CORE_TYPE>Edm.String</EDM_CORE_TYPE>
     <REF_TYPE>T</REF_TYPE>
     <ABAP_FIELD>FLTYPE</ABAP_FIELD>
     <AS_ETAG_XU>X</AS_ETAG_XU>
     <REQUIREFILTER_XU>X</REQUIREFILTER_XU>
     <UNIT_PROP_XU>X</UNIT_PROP_XU>
     <ABTY_XU>X</ABTY_XU>
     <SORT_ORDER>14</SORT_ORDER>
     <DESCRIPTION_XU>X</DESCRIPTION_XU>
    </_-IWBEP_-I_SBO_PR>
    <_-IWBEP_-I_SBO_PR>
     <PROJECT>ZFLIGHT_MODEL</PROJECT>
     <NODE_UUID>89HnShOwHuusuC23+I1rlA==</NODE_UUID>
     <PARENT_UUID>89HnShOwHuusuC23+IurlA==</PARENT_UUID>
     <NAME>ArrivalDaysLater</NAME>
     <EDM_CORE_TYPE>Edm.Byte</EDM_CORE_TYPE>
     <REF_TYPE>T</REF_TYPE>
     <ABAP_FIELD>PERIOD</ABAP_FIELD>
     <AS_ETAG_XU>X</AS_ETAG_XU>
     <REQUIREFILTER_XU>X</REQUIREFILTER_XU>
     <UNIT_PROP_XU>X</UNIT_PROP_XU>
     <ABTY_XU>X</ABTY_XU>
     <SORT_ORDER>15</SORT_ORDER>
     <DESCRIPTION_XU>X</DESCRIPTION_XU>
    </_-IWBEP_-I_SBO_PR>
    <_-IWBEP_-I_SBO_PR>
     <PROJECT>ZFLIGHT_MODEL</PROJECT>
     <NODE_UUID>89HnShOwHuusuC23+I2LlA==</NODE_UUID>
     <PARENT_UUID>89HnShOwHuusuC23+IurlA==</PARENT_UUID>
     <NAME>LastChange</NAME>
     <EDM_CORE_TYPE>Edm.DateTime</EDM_CORE_TYPE>
     <REF_TYPE>T</REF_TYPE>
     <ABAP_FIELD>LAST_CHANGE</ABAP_FIELD>
     <AS_ETAG_XU>X</AS_ETAG_XU>
     <REQUIREFILTER_XU>X</REQUIREFILTER_XU>
     <UNIT_PROP_XU>X</UNIT_PROP_XU>
     <ABTY_XU>X</ABTY_XU>
     <SORT_ORDER>16</SORT_ORDER>
     <DESCRIPTION_XU>X</DESCRIPTION_XU>
    </_-IWBEP_-I_SBO_PR>
    <_-IWBEP_-I_SBO_PR>
     <PROJECT>ZFLIGHT_MODEL</PROJECT>
     <NODE_UUID>89HnShOwHuusuELVYQ6roA==</NODE_UUID>
     <PARENT_UUID>89HnShOwHuusuC23+IurlA==</PARENT_UUID>
     <NAME>DepartureAirport</NAME>
     <MAX_LENGTH>3</MAX_LENGTH>
     <EDM_CORE_TYPE>Edm.String</EDM_CORE_TYPE>
     <REF_TYPE>T</REF_TYPE>
     <ABAP_FIELD>AIRPFROM</ABAP_FIELD>
     <ABTY_XU>X</ABTY_XU>
     <SORT_ORDER>3</SORT_ORDER>
     <DESCRIPTION_XU>X</DESCRIPTION_XU>
    </_-IWBEP_-I_SBO_PR>
   </_-IWBEP_-I_SBO_PR>
   <_-IWBEP_-I_SBO_PRT>
    <_-IWBEP_-I_SBO_PRT>
     <SYLANGU>D</SYLANGU>
     <PROJECT>ZFLIGHT_MODEL</PROJECT>
     <NODE_UUID>A0OAcanqHuuHifCn9QHETA==</NODE_UUID>
     <PROP_LABEL>Fluggesellschaft</PROP_LABEL>
    </_-IWBEP_-I_SBO_PRT>
    <_-IWBEP_-I_SBO_PRT>
     <SYLANGU>D</SYLANGU>
     <PROJECT>ZFLIGHT_MODEL</PROJECT>
     <NODE_UUID>A0OAcanqHuuHifCn9QHkTA==</NODE_UUID>
     <PROP_LABEL>Flugnummer</PROP_LABEL>
    </_-IWBEP_-I_SBO_PRT>
    <_-IWBEP_-I_SBO_PRT>
     <SYLANGU>D</SYLANGU>
     <PROJECT>ZFLIGHT_MODEL</PROJECT>
     <NODE_UUID>A0OAcanqHuuHifCn9QIETA==</NODE_UUID>
     <PROP_LABEL>Land</PROP_LABEL>
    </_-IWBEP_-I_SBO_PRT>
    <_-IWBEP_-I_SBO_PRT>
     <SYLANGU>D</SYLANGU>
     <PROJECT>ZFLIGHT_MODEL</PROJECT>
     <NODE_UUID>A0OAcanqHuuHifCn9QIkTA==</NODE_UUID>
     <PROP_LABEL>Abflugstadt</PROP_LABEL>
    </_-IWBEP_-I_SBO_PRT>
    <_-IWBEP_-I_SBO_PRT>
     <SYLANGU>D</SYLANGU>
     <PROJECT>ZFLIGHT_MODEL</PROJECT>
     <NODE_UUID>A0OAcanqHuuHifCn9QJETA==</NODE_UUID>
     <PROP_LABEL>Startflugh.</PROP_LABEL>
    </_-IWBEP_-I_SBO_PRT>
    <_-IWBEP_-I_SBO_PRT>
     <SYLANGU>D</SYLANGU>
     <PROJECT>ZFLIGHT_MODEL</PROJECT>
     <NODE_UUID>A0OAcanqHuuHifCn9QJkTA==</NODE_UUID>
     <PROP_LABEL>Land</PROP_LABEL>
    </_-IWBEP_-I_SBO_PRT>
    <_-IWBEP_-I_SBO_PRT>
     <SYLANGU>D</SYLANGU>
     <PROJECT>ZFLIGHT_MODEL</PROJECT>
     <NODE_UUID>A0OAcanqHuuHifCn9QKETA==</NODE_UUID>
     <PROP_LABEL>Ankunftstadt</PROP_LABEL>
    </_-IWBEP_-I_SBO_PRT>
    <_-IWBEP_-I_SBO_PRT>
     <SYLANGU>D</SYLANGU>
     <PROJECT>ZFLIGHT_MODEL</PROJECT>
     <NODE_UUID>A0OAcanqHuuHifCn9QKkTA==</NODE_UUID>
     <PROP_LABEL>Zielflugh.</PROP_LABEL>
    </_-IWBEP_-I_SBO_PRT>
    <_-IWBEP_-I_SBO_PRT>
     <SYLANGU>D</SYLANGU>
     <PROJECT>ZFLIGHT_MODEL</PROJECT>
     <NODE_UUID>A0OAcanqHuuHifCn9QLETA==</NODE_UUID>
     <PROP_LABEL>Flugdauer</PROP_LABEL>
    </_-IWBEP_-I_SBO_PRT>
    <_-IWBEP_-I_SBO_PRT>
     <SYLANGU>D</SYLANGU>
     <PROJECT>ZFLIGHT_MODEL</PROJECT>
     <NODE_UUID>A0OAcanqHuuHifCn9QLkTA==</NODE_UUID>
     <PROP_LABEL>Abflug</PROP_LABEL>
    </_-IWBEP_-I_SBO_PRT>
    <_-IWBEP_-I_SBO_PRT>
     <SYLANGU>D</SYLANGU>
     <PROJECT>ZFLIGHT_MODEL</PROJECT>
     <NODE_UUID>A0OAcanqHuuHifCn9QMETA==</NODE_UUID>
     <PROP_LABEL>Ankunftszeit</PROP_LABEL>
    </_-IWBEP_-I_SBO_PRT>
    <_-IWBEP_-I_SBO_PRT>
     <SYLANGU>D</SYLANGU>
     <PROJECT>ZFLIGHT_MODEL</PROJECT>
     <NODE_UUID>A0OAcanqHuuHifCn9QMkTA==</NODE_UUID>
     <PROP_LABEL>Entfernung</PROP_LABEL>
    </_-IWBEP_-I_SBO_PRT>
    <_-IWBEP_-I_SBO_PRT>
     <SYLANGU>D</SYLANGU>
     <PROJECT>ZFLIGHT_MODEL</PROJECT>
     <NODE_UUID>A0OAcanqHuuHifCn9QNETA==</NODE_UUID>
     <PROP_LABEL>Entfernung in</PROP_LABEL>
    </_-IWBEP_-I_SBO_PRT>
    <_-IWBEP_-I_SBO_PRT>
     <SYLANGU>D</SYLANGU>
     <PROJECT>ZFLIGHT_MODEL</PROJECT>
     <NODE_UUID>A0OAcanqHuuHifCn9QNkTA==</NODE_UUID>
     <PROP_LABEL>Charter</PROP_LABEL>
    </_-IWBEP_-I_SBO_PRT>
    <_-IWBEP_-I_SBO_PRT>
     <SYLANGU>D</SYLANGU>
     <PROJECT>ZFLIGHT_MODEL</PROJECT>
     <NODE_UUID>A0OAcanqHuuHifCn9QOETA==</NODE_UUID>
     <PROP_LABEL>n Tag(e) später</PROP_LABEL>
    </_-IWBEP_-I_SBO_PRT>
    <_-IWBEP_-I_SBO_PRT>
     <SYLANGU>D</SYLANGU>
     <PROJECT>ZFLIGHT_MODEL</PROJECT>
     <NODE_UUID>nes+7niHHtuv44GtidMJRA==</NODE_UUID>
     <PROP_LABEL>Stadt</PROP_LABEL>
    </_-IWBEP_-I_SBO_PRT>
    <_-IWBEP_-I_SBO_PRT>
     <SYLANGU>D</SYLANGU>
     <PROJECT>ZFLIGHT_MODEL</PROJECT>
     <NODE_UUID>nes+7niHHtuv44GtidMpRA==</NODE_UUID>
     <PROP_LABEL>Land</PROP_LABEL>
    </_-IWBEP_-I_SBO_PRT>
    <_-IWBEP_-I_SBO_PRT>
     <SYLANGU>D</SYLANGU>
     <PROJECT>ZFLIGHT_MODEL</PROJECT>
     <NODE_UUID>nes+7niHHtuv44GtidNJRA==</NODE_UUID>
     <PROP_LABEL>Flughafen-Id</PROP_LABEL>
    </_-IWBEP_-I_SBO_PRT>
    <_-IWBEP_-I_SBO_PRT>
     <SYLANGU>D</SYLANGU>
     <PROJECT>ZFLIGHT_MODEL</PROJECT>
     <NODE_UUID>nes+7niHHtuv44GtidNpRA==</NODE_UUID>
     <PROP_LABEL>Startflugh.</PROP_LABEL>
    </_-IWBEP_-I_SBO_PRT>
    <_-IWBEP_-I_SBO_PRT>
     <SYLANGU>D</SYLANGU>
     <PROJECT>ZFLIGHT_MODEL</PROJECT>
     <NODE_UUID>89HnShOwHuusuC23+IvLlA==</NODE_UUID>
     <PROP_LABEL>Fluggesellschaft</PROP_LABEL>
    </_-IWBEP_-I_SBO_PRT>
    <_-IWBEP_-I_SBO_PRT>
     <SYLANGU>D</SYLANGU>
     <PROJECT>ZFLIGHT_MODEL</PROJECT>
     <NODE_UUID>89HnShOwHuusuC23+IvrlA==</NODE_UUID>
     <PROP_LABEL>Flugnummer</PROP_LABEL>
    </_-IWBEP_-I_SBO_PRT>
    <_-IWBEP_-I_SBO_PRT>
     <SYLANGU>D</SYLANGU>
     <PROJECT>ZFLIGHT_MODEL</PROJECT>
     <NODE_UUID>89HnShOwHuusuC23+IwLlA==</NODE_UUID>
     <PROP_LABEL>Land</PROP_LABEL>
    </_-IWBEP_-I_SBO_PRT>
    <_-IWBEP_-I_SBO_PRT>
     <SYLANGU>D</SYLANGU>
     <PROJECT>ZFLIGHT_MODEL</PROJECT>
     <NODE_UUID>89HnShOwHuusuC23+IwrlA==</NODE_UUID>
     <PROP_LABEL>Abflugstadt</PROP_LABEL>
    </_-IWBEP_-I_SBO_PRT>
    <_-IWBEP_-I_SBO_PRT>
     <SYLANGU>D</SYLANGU>
     <PROJECT>ZFLIGHT_MODEL</PROJECT>
     <NODE_UUID>89HnShOwHuusuC23+IxLlA==</NODE_UUID>
     <PROP_LABEL>Land</PROP_LABEL>
    </_-IWBEP_-I_SBO_PRT>
    <_-IWBEP_-I_SBO_PRT>
     <SYLANGU>D</SYLANGU>
     <PROJECT>ZFLIGHT_MODEL</PROJECT>
     <NODE_UUID>89HnShOwHuusuC23+IxrlA==</NODE_UUID>
     <PROP_LABEL>Ankunftstadt</PROP_LABEL>
    </_-IWBEP_-I_SBO_PRT>
    <_-IWBEP_-I_SBO_PRT>
     <SYLANGU>D</SYLANGU>
     <PROJECT>ZFLIGHT_MODEL</PROJECT>
     <NODE_UUID>89HnShOwHuusuC23+IyLlA==</NODE_UUID>
     <PROP_LABEL>Zielflugh.</PROP_LABEL>
    </_-IWBEP_-I_SBO_PRT>
    <_-IWBEP_-I_SBO_PRT>
     <SYLANGU>D</SYLANGU>
     <PROJECT>ZFLIGHT_MODEL</PROJECT>
     <NODE_UUID>89HnShOwHuusuC23+IyrlA==</NODE_UUID>
     <PROP_LABEL>Flugdauer</PROP_LABEL>
    </_-IWBEP_-I_SBO_PRT>
    <_-IWBEP_-I_SBO_PRT>
     <SYLANGU>D</SYLANGU>
     <PROJECT>ZFLIGHT_MODEL</PROJECT>
     <NODE_UUID>89HnShOwHuusuC23+IzLlA==</NODE_UUID>
     <PROP_LABEL>Abflug</PROP_LABEL>
    </_-IWBEP_-I_SBO_PRT>
    <_-IWBEP_-I_SBO_PRT>
     <SYLANGU>D</SYLANGU>
     <PROJECT>ZFLIGHT_MODEL</PROJECT>
     <NODE_UUID>89HnShOwHuusuC23+IzrlA==</NODE_UUID>
     <PROP_LABEL>Ankunftszeit</PROP_LABEL>
    </_-IWBEP_-I_SBO_PRT>
    <_-IWBEP_-I_SBO_PRT>
     <SYLANGU>D</SYLANGU>
     <PROJECT>ZFLIGHT_MODEL</PROJECT>
     <NODE_UUID>89HnShOwHuusuC23+I0LlA==</NODE_UUID>
     <PROP_LABEL>Entfernung</PROP_LABEL>
    </_-IWBEP_-I_SBO_PRT>
    <_-IWBEP_-I_SBO_PRT>
     <SYLANGU>D</SYLANGU>
     <PROJECT>ZFLIGHT_MODEL</PROJECT>
     <NODE_UUID>89HnShOwHuusuC23+I0rlA==</NODE_UUID>
     <PROP_LABEL>Entfernung in</PROP_LABEL>
    </_-IWBEP_-I_SBO_PRT>
    <_-IWBEP_-I_SBO_PRT>
     <SYLANGU>D</SYLANGU>
     <PROJECT>ZFLIGHT_MODEL</PROJECT>
     <NODE_UUID>89HnShOwHuusuC23+I1LlA==</NODE_UUID>
     <PROP_LABEL>Charter</PROP_LABEL>
    </_-IWBEP_-I_SBO_PRT>
    <_-IWBEP_-I_SBO_PRT>
     <SYLANGU>D</SYLANGU>
     <PROJECT>ZFLIGHT_MODEL</PROJECT>
     <NODE_UUID>89HnShOwHuusuC23+I1rlA==</NODE_UUID>
     <PROP_LABEL>n Tag(e) später</PROP_LABEL>
    </_-IWBEP_-I_SBO_PRT>
    <_-IWBEP_-I_SBO_PRT>
     <SYLANGU>D</SYLANGU>
     <PROJECT>ZFLIGHT_MODEL</PROJECT>
     <NODE_UUID>89HnShOwHuusuC23+I2LlA==</NODE_UUID>
     <PROP_LABEL>Zeitstempel</PROP_LABEL>
    </_-IWBEP_-I_SBO_PRT>
    <_-IWBEP_-I_SBO_PRT>
     <SYLANGU>D</SYLANGU>
     <PROJECT>ZFLIGHT_MODEL</PROJECT>
     <NODE_UUID>89HnShOwHuusuELVYQ6roA==</NODE_UUID>
     <PROP_LABEL>Flughafen Abflug</PROP_LABEL>
    </_-IWBEP_-I_SBO_PRT>
   </_-IWBEP_-I_SBO_PRT>
  </asx:values>
 </asx:abap>
</abapGit>
